Workbook
Name TM1REBUILDOPTION: 1
Name TM1RPTDATARNGARPT1: Report!$29:$29
Name TM1RPTFMTIDCOL: Report!$A$1:$A$8
Name TM1RPTFMTRNG: Report!$B$1:$W$8

Sheet Report
A1: [Begin Format Range]
A2: =0 -> 0
A3: =1 -> 1
A4: =2 -> 2
A5: =3 -> 3
A6: D
A7: N
A8: [End Format Range]
B9: =_xll.TM1RPTVIEW("CXMD:FTM_DATA_MARGIN:ARPT1", 1, _xll.TM1RPTTITLE("CXMD:Month",$C$23), _xll.TM1RPTTITLE("CXMD:DIM_Origin_Company",$C$21), _xll.TM1RPTTITLE("CXMD:DIM_Allocation",$C$24), _xll.TM1RPTTITLE("CXMD:DIM_Customer_Supplier",$C$22),TM1RPTFMTRNG,I30) -> CXMD:FTM_DATA_MARGIN:ARPT1
B17: Current_Year | C17: =_xll.SUBNM("CXMD:Current_Year","Par défaut","1","Current Year EN") -> 2022
B18: Current_Month | C18: =_xll.SUBNM("CXMD:Current_Month","Par défaut","1","Current Month EN") -> 06
H19: =CONCATENATE(_xll.DBRA("CXMD:Company",C21,"Company"),"_SALES") -> Y_SALES
B21: Origin_Company | C21: =_xll.SUBNM("CXMD:DIM_Origin_Company","","Y","Name EN") -> SILVA
B22: Customer_Supplier | C22: =_xll.SUBNM("CXMD:DIM_Customer_Supplier","Par défaut","Total_Customer_Supplier","Code-Name") -> Total_Customer_Supplier | F22: =_xll.DBR($B$9,$C$17,$C$18,$C$19,$C$27,$C$23,$C$21,#REF!,"Total Allocation",$C$22,"TOTAL PRODUCT",$D$28) -> *KEY_ERR | I22: =_xll.DBR($B$9,$C$17,$C$18,$C$19,$F$27,$C$23,$C$21,#REF!,"Total Allocation",$C$22,"TOTAL PRODUCT",$G$28) -> *KEY_ERR | L22: =_xll.DBR($B$9,$C$17,$C$18,$C$19,$I$27,$C$23,$C$21,#REF!,"Total Allocation",$C$22,"TOTAL PRODUCT",$J$28) -> *KEY_ERR | O22: =_xll.DBR($B$9,$C$17,$C$18,$C$19,$L$27,$C$23,$C$21,"Total_Company_Owner","Total Allocation",$C$22,"TOTAL PRODUCT",$M$28) -> *KEY_ERR
B23: Month | C23: =_xll.SUBNM("CXMD:Month","","Total_Month") -> Total_Month | I23: Sales-by-product
B24: Allocation | C24: =_xll.SUBNM("CXMD:DIM_Allocation","Par défaut","Total Allocation","Allocation EN") -> Total Allocation
C27: =_xll.SUBNM("CXMD:Actuality","","AC2014","Description EN") -> AC2014 | F27: =_xll.SUBNM("CXMD:Actuality","Actuality","AC2017","Description EN") -> AC2017 | I27: =_xll.SUBNM("CXMD:Actuality","Actuality","BU2017draft","Description EN") -> BU2017draft | L27: =_xll.SUBNM("CXMD:Actuality","Actuality","FC3_2017","Description EN") -> FC3_2017 | R27: =_xll.SUBNM("CXMD:Actuality","Actuality","BU2018","Description EN") -> BU2018 | U27: =_xll.SUBNM("CXMD:Actuality","Actuality","PL2018 (update 2017)","Description EN") -> PL2018 (update 2017)
B28: Product | C28: QTY | D28: SALES | E28: Unit price | F28: QTY | G28: SALES | H28: Unit price | I28: QTY | J28: SALES | K28: Unit price | L28: QTY | M28: SALES | N28: Unit price | O28: CORRECTION | P28: NEW QTY | Q28: SALES % | R28: QTY | S28: SALES | T28: Unit price | U28: QTY | V28: SALES | W28: Unit price
A29: =IF(_xll.TM1RPTELISCONSOLIDATED($B$29,$B29),IF(_xll.TM1RPTELLEV($B$29,$B29)<=3,_xll.TM1RPTELLEV($B$29,$B29),"D"),"N") -> N | B29: =_xll.TM1RPTROW($B$9,"CXMD:DIM_Configuration","Sales Report 1",,"Description EN") | C29: =_xll.DBRW($B$9,$C$23,$C$27,$C$21,$C$24,$C$22,$B29,C$28) | D29: =_xll.DBRW($B$9,$C$23,$C$27,$C$21,$C$24,$C$22,$B29,D$28) | E29: =IF(C29=0,0,D29/C29) -> #VALUE! | F29: =_xll.DBRW($B$9,$C$23,$F$27,$C$21,$C$24,$C$22,$B29,F$28) | G29: =_xll.DBRW($B$9,$C$23,$F$27,$C$21,$C$24,$C$22,$B29,G$28) | H29: =IF(F29=0,0,G29/F29) -> #VALUE! | I29: =_xll.DBRW($B$9,$C$23,$I$27,$C$21,$C$24,$C$22,$B29,I$28) | J29: =_xll.DBRW($B$9,$C$23,$I$27,$C$21,$C$24,$C$22,$B29,J$28) | K29: =IF(I29=0,0,J29/I29) -> #VALUE! | L29: =_xll.DBRW($B$9,$C$23,$L$27,$C$21,$C$24,$C$22,$B29,L$28) | M29: =_xll.DBRW($B$9,$C$23,$L$27,$C$21,$C$24,$C$22,$B29,M$28) | N29: =IF(L29=0,0,M29/L29) -> #VALUE! | O29: 0 | P29: =IF(L29=0,0,O29/(M29/L29)) -> #VALUE! | Q29: =O29/$O$22 -> #VALUE! | R29: =_xll.DBRW($B$9,$C$23,$R$27,$C$21,$C$24,$C$22,$B29,R$28) | S29: =_xll.DBRW($B$9,$C$23,$R$27,$C$21,$C$24,$C$22,$B29,S$28) | T29: =IF(R29=0,0,S29/R29) -> #VALUE! | U29: =_xll.DBRW($B$9,$C$23,$U$27,$C$21,$C$24,$C$22,$B29,U$28) | V29: =_xll.DBRW($B$9,$C$23,$U$27,$C$21,$C$24,$C$22,$B29,V$28) | W29: =IF(U29=0,0,V29/U29) -> #VALUE!

Sheet Graph
A4: Net sales | B4: =Report!C27 -> AC2014 | C4: =Report!F27 -> AC2017 | D4: =Report!I27 -> BU2017draft | E4: =Report!L27 -> FC3_2017 | F4: =Report!R27 -> BU2018 | G4: =Report!U27 -> PL2018 (update 2017)
A5: =CONCATENATE(Report!C21," ",A4) -> SILVA Net sales | B5: =Report!D29/1000 -> #VALUE! | C5: =Report!G29/1000 -> #VALUE! | D5: =Report!J29/1000 -> #VALUE! | E5: =Report!M29/1000 -> #VALUE! | F5: =Report!S29/1000 -> #VALUE! | G5: =Report!V29/1000 -> #VALUE!
B6: =Report!#REF! -> #REF! | C6: =Report!#REF! -> #REF! | D6: =Report!#REF! -> #REF! | E6: =Report!#REF! -> #REF! | F6: =Report!#REF! -> #REF! | G6: =Report!#REF! -> #REF!
B7: =Report!#REF! -> #REF! | C7: =Report!#REF! -> #REF! | D7: =Report!#REF! -> #REF! | E7: =Report!#REF! -> #REF! | F7: =Report!#REF! -> #REF! | G7: =Report!#REF! -> #REF!
B8: =Report!#REF! -> #REF! | C8: =Report!#REF! -> #REF! | D8: =Report!#REF! -> #REF! | E8: =Report!#REF! -> #REF! | F8: =Report!#REF! -> #REF! | G8: =Report!#REF! -> #REF!
B9: =Report!#REF! -> #REF! | C9: =Report!#REF! -> #REF! | D9: =Report!#REF! -> #REF! | E9: =Report!#REF! -> #REF! | F9: =Report!#REF! -> #REF! | G9: =Report!#REF! -> #REF!
B10: =Report!#REF! -> #REF! | C10: =Report!#REF! -> #REF! | D10: =Report!#REF! -> #REF! | E10: =Report!#REF! -> #REF! | F10: =Report!#REF! -> #REF! | G10: =Report!#REF! -> #REF!
B11: =Report!#REF! -> #REF! | C11: =Report!#REF! -> #REF! | D11: =Report!#REF! -> #REF! | E11: =Report!#REF! -> #REF! | F11: =Report!#REF! -> #REF! | G11: =Report!#REF! -> #REF!
B12: =Report!#REF! -> #REF! | C12: =Report!#REF! -> #REF! | D12: =Report!#REF! -> #REF! | E12: =Report!#REF! -> #REF! | F12: =Report!#REF! -> #REF! | G12: =Report!#REF! -> #REF!
B13: =Report!#REF! -> #REF! | C13: =Report!#REF! -> #REF! | D13: =Report!#REF! -> #REF! | E13: =Report!#REF! -> #REF! | F13: =Report!#REF! -> #REF! | G13: =Report!#REF! -> #REF!
