Workbook
Name TM1REBUILDOPTION: 1
Name TM1RPTDATARNGARPT1: Comments!$22:$228
Name TM1RPTDATARNGARPT1: QTY!$23:$23
Name TM1RPTDATARNGARPT1: Sales!$23:$23
Name TM1RPTDATARNGARPT1: 'Unit Price'!$23:$23
Name TM1RPTFMTIDCOL: Comments!$A$1:$A$8
Name TM1RPTFMTIDCOL: QTY!$A$1:$A$8
Name TM1RPTFMTIDCOL: Sales!$A$1:$A$8
Name TM1RPTFMTIDCOL: 'Unit Price'!$A$1:$A$8
Name TM1RPTFMTRNG: Comments!$B$1:$Q$8
Name TM1RPTFMTRNG: QTY!$B$1:$W$8
Name TM1RPTFMTRNG: Sales!$B$1:$W$8
Name TM1RPTFMTRNG: 'Unit Price'!$B$1:$W$8

Sheet QTY
A1: [Begin Format Range]
A2: =0 -> 0
A3: =1 -> 1
A4: =2 -> 2
A5: =3 -> 3
A6: D
A7: N
A8: [End Format Range]
B9: =_xll.TM1RPTVIEW("CXMD:OTC_DATA_MARKET_ANALYSIS:ARPT1", 1, _xll.TM1RPTTITLE("CXMD:Currency",$C$16), _xll.TM1RPTTITLE("CXMD:DIM_Prev_IC_mapping",$C$17), _xll.TM1RPTTITLE("CXMD:DIM_Origin_Company",$C$15),TM1RPTFMTRNG,TM1RPTFMTIDCOL) -> CXMD:OTC_DATA_MARKET_ANALYSIS:ARPT1
B15: Origin_Company | C15: =_xll.SUBNM("CXMD:DIM_Origin_Company","","-1","Name EN") -> Not available
B16: Currency | C16: =_xll.SUBNM("CXMD:Currency","","CD_LC","Description EN") -> Local currency
B17: Prev_IC_mapping | C17: =_xll.SUBNM("CXMD:DIM_Prev_IC_mapping","","99 - Kuhn Group","Groupement_Alias") -> 99 - Kuhn Group
D20: =_xll.SUBNM("CXMD:Actuality","Actuality_Market_Share","AC2020","Désignation EN") -> AC2020 | F20: Market shares % (qty) | G20: =_xll.SUBNM("CXMD:Actuality","Actuality_Market_Share","AC2021","Désignation EN") -> AC2021 | I20: Market shares % (qty) | J20: =_xll.SUBNM("CXMD:Actuality","Actuality_Market_Share","FC3_2022","Désignation EN") -> FC3_2022 | L20: Market shares % (qty) | M20: =_xll.SUBNM("CXMD:Actuality","Actuality_Market_Share","PL2023 (update 2022)","Désignation EN") -> PL2023 (update 2022) | O20: Market shares % (qty) | P20: =_xll.SUBNM("CXMD:Actuality","Actuality_Market_Share","PL2024 (update 2022)","Désignation EN") -> PL2024 (update 2022) | R20: Market shares % (qty) | S20: =_xll.SUBNM("CXMD:Actuality","Actuality_Market_Share","PL2025 (update 2022)","Désignation EN") -> PL2025 (update 2022) | U20: Market shares % (qty) | V20: =_xll.SUBNM("CXMD:Actuality","Actuality_Market_Share","PL2026 (update 2022)","Désignation EN") -> PL2026 (update 2022) | X20: Market shares % (qty)
D21: KUHN_Scope | E21: KUHN Sales | G21: KUHN_Scope | H21: KUHN Sales | J21: KUHN_Scope | K21: KUHN Sales | M21: KUHN_Scope | N21: KUHN Sales | P21: KUHN_Scope | Q21: KUHN Sales | S21: KUHN_Scope | T21: KUHN Sales | V21: KUHN_Scope | W21: KUHN Sales
D22: QTY | E22: QTY | G22: QTY | H22: QTY | J22: QTY | K22: QTY | M22: QTY | N22: QTY | P22: QTY | Q22: QTY | S22: QTY | T22: QTY | V22: QTY | W22: QTY
A23: =IF(_xll.TM1RPTELISCONSOLIDATED($C$23,$C23),IF(_xll.TM1RPTELLEV($C$23,$C23)<=3,_xll.TM1RPTELLEV($C$23,$C23),"D"),"N") -> N | B23: =_xll.TM1RPTROW($B$9,"CXMD:DIM_Configuration","Product_Line","","Description EN",0) | C23: =_xll.TM1RPTROW($B$9,"CXMD:DIM_Country","Total Country SOM","","Description",0) | D23: =_xll.DBRW($B$9,$C$16,$C$17,D$21,D$20,$C$15,$C23,$B23,D$22) | E23: =_xll.DBRW($B$9,$C$16,$C$17,E$21,D$20,$C$15,$C23,$B23,E$22) | F23: =IF(D23<>0,E23/D23,0) -> #VALUE! | G23: =_xll.DBRW($B$9,$C$16,$C$17,G$21,G$20,$C$15,$C23,$B23,G$22) | H23: =_xll.DBRW($B$9,$C$16,$C$17,H$21,G$20,$C$15,$C23,$B23,H$22) | I23: =IF(G23<>0,H23/G23,0) -> #VALUE! | J23: =_xll.DBRW($B$9,$C$16,$C$17,J$21,J$20,$C$15,$C23,$B23,J$22) | K23: =_xll.DBRW($B$9,$C$16,$C$17,K$21,J$20,$C$15,$C23,$B23,K$22) | L23: =IF(J23<>0,K23/J23,0) -> #VALUE! | M23: =_xll.DBRW($B$9,$C$16,$C$17,M$21,M$20,$C$15,$C23,$B23,M$22) | N23: =_xll.DBRW($B$9,$C$16,$C$17,N$21,M$20,$C$15,$C23,$B23,N$22) | O23: =IF(M23<>0,N23/M23,0) -> #VALUE! | P23: =_xll.DBRW($B$9,$C$16,$C$17,P$21,P$20,$C$15,$C23,$B23,P$22) | Q23: =_xll.DBRW($B$9,$C$16,$C$17,Q$21,P$20,$C$15,$C23,$B23,Q$22) | R23: =IF(P23<>0,Q23/P23,0) -> #VALUE! | S23: =_xll.DBRW($B$9,$C$16,$C$17,S$21,S$20,$C$15,$C23,$B23,S$22) | T23: =_xll.DBRW($B$9,$C$16,$C$17,T$21,S$20,$C$15,$C23,$B23,T$22) | U23: =IF(S23<>0,T23/S23,0) -> #VALUE! | V23: =_xll.DBRW($B$9,$C$16,$C$17,V$21,V$20,$C$15,$C23,$B23,V$22) | W23: =_xll.DBRW($B$9,$C$16,$C$17,W$21,V$20,$C$15,$C23,$B23,W$22) | X23: =IF(V23<>0,W23/V23,0) -> #VALUE!

Sheet Unit Price
A1: [Begin Format Range]
A2: =0 -> 0
A3: =1 -> 1
A4: =2 -> 2
A5: =3 -> 3
A6: D
A7: N
A8: [End Format Range]
B9: =_xll.TM1RPTVIEW("CXMD:OTC_DATA_MARKET_ANALYSIS:ARPT1", 1, _xll.TM1RPTTITLE("CXMD:Currency",$C$16), _xll.TM1RPTTITLE("CXMD:DIM_Prev_IC_mapping",$C$17), _xll.TM1RPTTITLE("CXMD:DIM_Origin_Company",$C$15),TM1RPTFMTRNG,TM1RPTFMTIDCOL) -> CXMD:OTC_DATA_MARKET_ANALYSIS:ARPT1
B15: Origin_Company | C15: =QTY!C15 -> Not available
B16: Currency | C16: =QTY!C16 -> Local currency
B17: Prev_IC_mapping | C17: =QTY!C17 -> 99 - Kuhn Group
D20: =QTY!D20 -> AC2020 | F20: % | G20: =QTY!G20 -> AC2021 | I20: % | J20: =QTY!J20 -> FC3_2022 | L20: % | M20: =QTY!M20 -> PL2023 (update 2022) | O20: % | P20: =QTY!P20 -> PL2024 (update 2022) | R20: % | S20: =QTY!S20 -> PL2025 (update 2022) | U20: % | V20: =QTY!V20 -> PL2026 (update 2022) | X20: %
D21: KUHN_Scope | E21: KUHN Sales | G21: KUHN_Scope | H21: KUHN Sales | J21: KUHN_Scope | K21: KUHN Sales | M21: KUHN_Scope | N21: KUHN Sales | P21: KUHN_Scope | Q21: KUHN Sales | S21: KUHN_Scope | T21: KUHN Sales | V21: KUHN_Scope | W21: KUHN Sales
D22: Unit.Price | E22: Unit.Price | G22: Unit.Price | H22: Unit.Price | J22: Unit.Price | K22: Unit.Price | M22: Unit.Price | N22: Unit.Price | P22: Unit.Price | Q22: Unit.Price | S22: Unit.Price | T22: Unit.Price | V22: Unit.Price | W22: Unit.Price
A23: =IF(_xll.TM1RPTELISCONSOLIDATED($C$23,$C23),IF(_xll.TM1RPTELLEV($C$23,$C23)<=3,_xll.TM1RPTELLEV($C$23,$C23),"D"),"N") -> N | B23: =_xll.TM1RPTROW($B$9,"CXMD:DIM_Configuration","Product_Line",,"Description EN",0) | C23: =_xll.TM1RPTROW($B$9,"CXMD:DIM_Country","Total Country SOM","","Description",0) | D23: =_xll.DBRW($B$9,$C$16,$C$17,D$21,D$20,$C$15,$C23,$B23,D$22) | E23: =_xll.DBRW($B$9,$C$16,$C$17,E$21,D$20,$C$15,$C23,$B23,E$22) | F23: =IF(D23<>0,E23/D23,0) -> #VALUE! | G23: =_xll.DBRW($B$9,$C$16,$C$17,G$21,G$20,$C$15,$C23,$B23,G$22) | H23: =_xll.DBRW($B$9,$C$16,$C$17,H$21,G$20,$C$15,$C23,$B23,H$22) | I23: =IF(G23<>0,H23/G23,0) -> #VALUE! | J23: =_xll.DBRW($B$9,$C$16,$C$17,J$21,J$20,$C$15,$C23,$B23,J$22) | K23: =_xll.DBRW($B$9,$C$16,$C$17,K$21,J$20,$C$15,$C23,$B23,K$22) | L23: =IF(J23<>0,K23/J23,0) -> #VALUE! | M23: =_xll.DBRW($B$9,$C$16,$C$17,M$21,M$20,$C$15,$C23,$B23,M$22) | N23: =_xll.DBRW($B$9,$C$16,$C$17,N$21,M$20,$C$15,$C23,$B23,N$22) | O23: =IF(M23<>0,N23/M23,0) -> #VALUE! | P23: =_xll.DBRW($B$9,$C$16,$C$17,P$21,P$20,$C$15,$C23,$B23,P$22) | Q23: =_xll.DBRW($B$9,$C$16,$C$17,Q$21,P$20,$C$15,$C23,$B23,Q$22) | R23: =IF(P23<>0,Q23/P23,0) -> #VALUE! | S23: =_xll.DBRW($B$9,$C$16,$C$17,S$21,S$20,$C$15,$C23,$B23,S$22) | T23: =_xll.DBRW($B$9,$C$16,$C$17,T$21,S$20,$C$15,$C23,$B23,T$22) | U23: =IF(S23<>0,T23/S23,0) -> #VALUE! | V23: =_xll.DBRW($B$9,$C$16,$C$17,V$21,V$20,$C$15,$C23,$B23,V$22) | W23: =_xll.DBRW($B$9,$C$16,$C$17,W$21,V$20,$C$15,$C23,$B23,W$22) | X23: =IF(V23<>0,W23/V23,0) -> #VALUE!

Sheet Sales
A1: [Begin Format Range]
A2: =0 -> 0
A3: =1 -> 1
A4: =2 -> 2
A5: =3 -> 3
A6: D
A7: N
A8: [End Format Range]
B9: =_xll.TM1RPTVIEW("CXMD:OTC_DATA_MARKET_ANALYSIS:ARPT1", 1, _xll.TM1RPTTITLE("CXMD:Currency",$C$16), _xll.TM1RPTTITLE("CXMD:DIM_Prev_IC_mapping",$C$17), _xll.TM1RPTTITLE("CXMD:DIM_Origin_Company",$C$15),TM1RPTFMTRNG,TM1RPTFMTIDCOL) -> CXMD:OTC_DATA_MARKET_ANALYSIS:ARPT1
B15: Origin_Company | C15: =QTY!C15 -> Not available
B16: Currency | C16: =QTY!C16 -> Local currency
B17: Prev_IC_mapping | C17: =QTY!C17 -> 99 - Kuhn Group
D20: =QTY!D20 -> AC2020 | F20: % | G20: =QTY!G20 -> AC2021 | I20: % | J20: =QTY!J20 -> FC3_2022 | L20: % | M20: =QTY!M20 -> PL2023 (update 2022) | O20: % | P20: =QTY!P20 -> PL2024 (update 2022) | R20: % | S20: =QTY!S20 -> PL2025 (update 2022) | U20: % | V20: =QTY!V20 -> PL2026 (update 2022) | X20: %
D21: KUHN_Scope | E21: KUHN Sales | G21: KUHN_Scope | H21: KUHN Sales | J21: KUHN_Scope | K21: KUHN Sales | M21: KUHN_Scope | N21: KUHN Sales | P21: KUHN_Scope | Q21: KUHN Sales | S21: KUHN_Scope | T21: KUHN Sales | V21: KUHN_Scope | W21: KUHN Sales
D22: SALES | E22: SALES | G22: SALES | H22: SALES | J22: SALES | K22: SALES | M22: SALES | N22: SALES | P22: SALES | Q22: SALES | S22: SALES | T22: SALES | V22: SALES | W22: SALES
A23: =IF(_xll.TM1RPTELISCONSOLIDATED($C$23,$C23),IF(_xll.TM1RPTELLEV($C$23,$C23)<=3,_xll.TM1RPTELLEV($C$23,$C23),"D"),"N") -> N | B23: =_xll.TM1RPTROW($B$9,"CXMD:DIM_Configuration","Product_Line",,"Description EN",0) | C23: =_xll.TM1RPTROW($B$9,"CXMD:DIM_Country","Total Country SOM","","Description",0) | D23: =_xll.DBRW($B$9,$C$16,$C$17,D$21,D$20,$C$15,$C23,$B23,D$22) | E23: =_xll.DBRW($B$9,$C$16,$C$17,E$21,D$20,$C$15,$C23,$B23,E$22) | F23: =IF(D23<>0,E23/D23,0) -> #VALUE! | G23: =_xll.DBRW($B$9,$C$16,$C$17,G$21,G$20,$C$15,$C23,$B23,G$22) | H23: =_xll.DBRW($B$9,$C$16,$C$17,H$21,G$20,$C$15,$C23,$B23,H$22) | I23: =IF(G23<>0,H23/G23,0) -> #VALUE! | J23: =_xll.DBRW($B$9,$C$16,$C$17,J$21,J$20,$C$15,$C23,$B23,J$22) | K23: =_xll.DBRW($B$9,$C$16,$C$17,K$21,J$20,$C$15,$C23,$B23,K$22) | L23: =IF(J23<>0,K23/J23,0) -> #VALUE! | M23: =_xll.DBRW($B$9,$C$16,$C$17,M$21,M$20,$C$15,$C23,$B23,M$22) | N23: =_xll.DBRW($B$9,$C$16,$C$17,N$21,M$20,$C$15,$C23,$B23,N$22) | O23: =IF(M23<>0,N23/M23,0) -> #VALUE! | P23: =_xll.DBRW($B$9,$C$16,$C$17,P$21,P$20,$C$15,$C23,$B23,P$22) | Q23: =_xll.DBRW($B$9,$C$16,$C$17,Q$21,P$20,$C$15,$C23,$B23,Q$22) | R23: =IF(P23<>0,Q23/P23,0) -> #VALUE! | S23: =_xll.DBRW($B$9,$C$16,$C$17,S$21,S$20,$C$15,$C23,$B23,S$22) | T23: =_xll.DBRW($B$9,$C$16,$C$17,T$21,S$20,$C$15,$C23,$B23,T$22) | U23: =IF(S23<>0,T23/S23,0) -> #VALUE! | V23: =_xll.DBRW($B$9,$C$16,$C$17,V$21,V$20,$C$15,$C23,$B23,V$22) | W23: =_xll.DBRW($B$9,$C$16,$C$17,W$21,V$20,$C$15,$C23,$B23,W$22) | X23: =IF(V23<>0,W23/V23,0) -> #VALUE!

Sheet {AR}01
B19: TOTAL PRODUCT
B20: L - 000 -
B21: L - 700000 - PLOUGHING
B22: L - 701000 - TILLAGE
B23: L - 702000 - SEEDING
B24: L - 703000 - FERTILISING
B25: L - 704000 - SPRAYING
B26: L - 705000 - LANDSCAPE MAINTENANCE
B27: L - 706000 - SHREDDING
B28: L - 707000 - HAY & FORAGE
B29: L - 708000 - BALERS
B30: L - 709000 - WRAPPERS
... B47: L - NA - Not Available

Sheet {AR}11
C19: Total Country SOM
C20: France + DOM
C21: EU + EFTA
C22: Eastern Europe
C23: North_America
C24: South & Central America
C25: Asia
C26: Oceania
C27: Others

Sheet Comments
A1: [Begin Format Range]
A2: =0 -> 0
A3: =1 -> 1
A4: =2 -> 2
A5: =3 -> 3
A6: D
A7: N
A8: [End Format Range]
B9: =_xll.TM1RPTVIEW("CXMD:OTC_DATA_MARKET_ANALYSIS_COMMENTS:ARPT1", 0, _xll.TM1RPTTITLE("CXMD:Currency",$C$14), _xll.TM1RPTTITLE("CXMD:DIM_Prev_IC_mapping",$C$15), _xll.TM1RPTTITLE("CXMD:DIM_Origin_Company",$C$16),TM1RPTFMTRNG,TM1RPTFMTIDCOL) -> CXMD:OTC_DATA_MARKET_ANALYSIS_COMMENTS:ARPT1
B14: Currency | C14: =_xll.SUBNM("CXMD:Currency","","CD_LC","Description EN") -> Local currency
B15: Prev_IC_mapping | C15: =_xll.SUBNM("CXMD:DIM_Prev_IC_mapping","","99 - Kuhn Group","Groupement_Alias") -> 99 - Kuhn Group
B16: Origin_Company | C16: =QTY!C15 -> Not available
D19: =QTY!D20 -> AC2020 | E19: AC2018 | F19: =QTY!G20 -> AC2021 | H19: =QTY!J20 -> FC3_2022 | J19: =QTY!M20 -> PL2023 (update 2022) | L19: =QTY!P20 -> PL2024 (update 2022) | N19: =QTY!S20 -> PL2025 (update 2022) | P19: =QTY!V20 -> PL2026 (update 2022)
D20: KUHN_Scope | E20: KUHN Sales | F20: KUHN_Scope | G20: KUHN Sales | H20: KUHN_Scope | I20: KUHN Sales | J20: KUHN_Scope | K20: KUHN Sales | L20: KUHN_Scope | M20: KUHN Sales | N20: KUHN_Scope | O20: KUHN Sales | P20: KUHN_Scope | Q20: KUHN Sales
D21: Comments | E21: Comments | F21: Comments | G21: Comments | H21: Comments | I21: Comments | J21: Comments | K21: Comments | L21: Comments | M21: Comments | N21: Comments | O21: Comments | P21: Comments | Q21: Comments
A22: =IF(_xll.TM1RPTELISCONSOLIDATED($C$22,$C22),IF(_xll.TM1RPTELLEV($C$22,$C22)<=3,_xll.TM1RPTELLEV($C$22,$C22),"D"),"N") -> 0 | B22: =_xll.TM1RPTROW($B$9,"CXMD:DIM_Configuration","Product_Line","","Description EN",0) -> TOTAL PRODUCT | C22: =_xll.TM1RPTROW($B$9,"CXMD:DIM_Country","Total Country SOM","","Description",0) -> Total Country SOM | D22: =_xll.DBRW($B$9,$C$14,$C$15,D$20,D$19,$C$16,$C22,$B22,D$21) | E22: =_xll.DBRW($B$9,$C$14,$C$15,E$20,D$19,$C$16,$C22,$B22,E$21) | F22: =_xll.DBRW($B$9,$C$14,$C$15,F$20,F$19,$C$16,$C22,$B22,F$21) | G22: =_xll.DBRW($B$9,$C$14,$C$15,G$20,F$19,$C$16,$C22,$B22,G$21) | H22: =_xll.DBRW($B$9,$C$14,$C$15,H$20,H$19,$C$16,$C22,$B22,H$21) | I22: =_xll.DBRW($B$9,$C$14,$C$15,I$20,H$19,$C$16,$C22,$B22,I$21) | J22: =_xll.DBRW($B$9,$C$14,$C$15,J$20,J$19,$C$16,$C22,$B22,J$21) | K22: =_xll.DBRW($B$9,$C$14,$C$15,K$20,J$19,$C$16,$C22,$B22,K$21) | L22: =_xll.DBRW($B$9,$C$14,$C$15,L$20,L$19,$C$16,$C22,$B22,L$21) | M22: =_xll.DBRW($B$9,$C$14,$C$15,M$20,L$19,$C$16,$C22,$B22,M$21) | N22: =_xll.DBRW($B$9,$C$14,$C$15,N$20,N$19,$C$16,$C22,$B22,N$21) | O22: =_xll.DBRW($B$9,$C$14,$C$15,O$20,N$19,$C$16,$C22,$B22,O$21) | P22: =_xll.DBRW($B$9,$C$14,$C$15,P$20,$P$19,$C$16,$C22,$B22,P$21) | Q22: =_xll.DBRW($B$9,$C$14,$C$15,Q$20,$P$19,$C$16,$C22,$B22,Q$21)
A23: =IF(_xll.TM1RPTELISCONSOLIDATED($C$22,$C23),IF(_xll.TM1RPTELLEV($C$22,$C23)<=3,_xll.TM1RPTELLEV($C$22,$C23),"D"),"N") -> 1 | B23: TOTAL PRODUCT | C23: France + DOM | D23: =_xll.DBRW($B$9,$C$14,$C$15,D$20,D$19,$C$16,$C23,$B23,D$21) | E23: =_xll.DBRW($B$9,$C$14,$C$15,E$20,D$19,$C$16,$C23,$B23,E$21) | F23: =_xll.DBRW($B$9,$C$14,$C$15,F$20,F$19,$C$16,$C23,$B23,F$21) | G23: =_xll.DBRW($B$9,$C$14,$C$15,G$20,F$19,$C$16,$C23,$B23,G$21) | H23: =_xll.DBRW($B$9,$C$14,$C$15,H$20,H$19,$C$16,$C23,$B23,H$21) | I23: =_xll.DBRW($B$9,$C$14,$C$15,I$20,H$19,$C$16,$C23,$B23,I$21) | J23: =_xll.DBRW($B$9,$C$14,$C$15,J$20,J$19,$C$16,$C23,$B23,J$21) | K23: =_xll.DBRW($B$9,$C$14,$C$15,K$20,J$19,$C$16,$C23,$B23,K$21) | L23: =_xll.DBRW($B$9,$C$14,$C$15,L$20,L$19,$C$16,$C23,$B23,L$21) | M23: =_xll.DBRW($B$9,$C$14,$C$15,M$20,L$19,$C$16,$C23,$B23,M$21) | N23: =_xll.DBRW($B$9,$C$14,$C$15,N$20,N$19,$C$16,$C23,$B23,N$21) | O23: =_xll.DBRW($B$9,$C$14,$C$15,O$20,N$19,$C$16,$C23,$B23,O$21) | P23: =_xll.DBRW($B$9,$C$14,$C$15,P$20,$P$19,$C$16,$C23,$B23,P$21) | Q23: =_xll.DBRW($B$9,$C$14,$C$15,Q$20,$P$19,$C$16,$C23,$B23,Q$21)
A24: =IF(_xll.TM1RPTELISCONSOLIDATED($C$22,$C24),IF(_xll.TM1RPTELLEV($C$22,$C24)<=3,_xll.TM1RPTELLEV($C$22,$C24),"D"),"N") -> 1 | B24: TOTAL PRODUCT | C24: EU + EFTA | D24: =_xll.DBRW($B$9,$C$14,$C$15,D$20,D$19,$C$16,$C24,$B24,D$21) | E24: =_xll.DBRW($B$9,$C$14,$C$15,E$20,D$19,$C$16,$C24,$B24,E$21) | F24: =_xll.DBRW($B$9,$C$14,$C$15,F$20,F$19,$C$16,$C24,$B24,F$21) | G24: =_xll.DBRW($B$9,$C$14,$C$15,G$20,F$19,$C$16,$C24,$B24,G$21) | H24: =_xll.DBRW($B$9,$C$14,$C$15,H$20,H$19,$C$16,$C24,$B24,H$21) | I24: =_xll.DBRW($B$9,$C$14,$C$15,I$20,H$19,$C$16,$C24,$B24,I$21) | J24: =_xll.DBRW($B$9,$C$14,$C$15,J$20,J$19,$C$16,$C24,$B24,J$21) | K24: =_xll.DBRW($B$9,$C$14,$C$15,K$20,J$19,$C$16,$C24,$B24,K$21) | L24: =_xll.DBRW($B$9,$C$14,$C$15,L$20,L$19,$C$16,$C24,$B24,L$21) | M24: =_xll.DBRW($B$9,$C$14,$C$15,M$20,L$19,$C$16,$C24,$B24,M$21) | N24: =_xll.DBRW($B$9,$C$14,$C$15,N$20,N$19,$C$16,$C24,$B24,N$21) | O24: =_xll.DBRW($B$9,$C$14,$C$15,O$20,N$19,$C$16,$C24,$B24,O$21) | P24: =_xll.DBRW($B$9,$C$14,$C$15,P$20,$P$19,$C$16,$C24,$B24,P$21) | Q24: =_xll.DBRW($B$9,$C$14,$C$15,Q$20,$P$19,$C$16,$C24,$B24,Q$21)
A25: =IF(_xll.TM1RPTELISCONSOLIDATED($C$22,$C25),IF(_xll.TM1RPTELLEV($C$22,$C25)<=3,_xll.TM1RPTELLEV($C$22,$C25),"D"),"N") -> 1 | B25: TOTAL PRODUCT | C25: Eastern Europe | D25: =_xll.DBRW($B$9,$C$14,$C$15,D$20,D$19,$C$16,$C25,$B25,D$21) | E25: =_xll.DBRW($B$9,$C$14,$C$15,E$20,D$19,$C$16,$C25,$B25,E$21) | F25: =_xll.DBRW($B$9,$C$14,$C$15,F$20,F$19,$C$16,$C25,$B25,F$21) | G25: =_xll.DBRW($B$9,$C$14,$C$15,G$20,F$19,$C$16,$C25,$B25,G$21) | H25: =_xll.DBRW($B$9,$C$14,$C$15,H$20,H$19,$C$16,$C25,$B25,H$21) | I25: =_xll.DBRW($B$9,$C$14,$C$15,I$20,H$19,$C$16,$C25,$B25,I$21) | J25: =_xll.DBRW($B$9,$C$14,$C$15,J$20,J$19,$C$16,$C25,$B25,J$21) | K25: =_xll.DBRW($B$9,$C$14,$C$15,K$20,J$19,$C$16,$C25,$B25,K$21) | L25: =_xll.DBRW($B$9,$C$14,$C$15,L$20,L$19,$C$16,$C25,$B25,L$21) | M25: =_xll.DBRW($B$9,$C$14,$C$15,M$20,L$19,$C$16,$C25,$B25,M$21) | N25: =_xll.DBRW($B$9,$C$14,$C$15,N$20,N$19,$C$16,$C25,$B25,N$21) | O25: =_xll.DBRW($B$9,$C$14,$C$15,O$20,N$19,$C$16,$C25,$B25,O$21) | P25: =_xll.DBRW($B$9,$C$14,$C$15,P$20,$P$19,$C$16,$C25,$B25,P$21) | Q25: =_xll.DBRW($B$9,$C$14,$C$15,Q$20,$P$19,$C$16,$C25,$B25,Q$21)
A26: =IF(_xll.TM1RPTELISCONSOLIDATED($C$22,$C26),IF(_xll.TM1RPTELLEV($C$22,$C26)<=3,_xll.TM1RPTELLEV($C$22,$C26),"D"),"N") -> 1 | B26: TOTAL PRODUCT | C26: North_America | D26: =_xll.DBRW($B$9,$C$14,$C$15,D$20,D$19,$C$16,$C26,$B26,D$21) | E26: =_xll.DBRW($B$9,$C$14,$C$15,E$20,D$19,$C$16,$C26,$B26,E$21) | F26: =_xll.DBRW($B$9,$C$14,$C$15,F$20,F$19,$C$16,$C26,$B26,F$21) | G26: =_xll.DBRW($B$9,$C$14,$C$15,G$20,F$19,$C$16,$C26,$B26,G$21) | H26: =_xll.DBRW($B$9,$C$14,$C$15,H$20,H$19,$C$16,$C26,$B26,H$21) | I26: =_xll.DBRW($B$9,$C$14,$C$15,I$20,H$19,$C$16,$C26,$B26,I$21) | J26: =_xll.DBRW($B$9,$C$14,$C$15,J$20,J$19,$C$16,$C26,$B26,J$21) | K26: =_xll.DBRW($B$9,$C$14,$C$15,K$20,J$19,$C$16,$C26,$B26,K$21) | L26: =_xll.DBRW($B$9,$C$14,$C$15,L$20,L$19,$C$16,$C26,$B26,L$21) | M26: =_xll.DBRW($B$9,$C$14,$C$15,M$20,L$19,$C$16,$C26,$B26,M$21) | N26: =_xll.DBRW($B$9,$C$14,$C$15,N$20,N$19,$C$16,$C26,$B26,N$21) | O26: =_xll.DBRW($B$9,$C$14,$C$15,O$20,N$19,$C$16,$C26,$B26,O$21) | P26: =_xll.DBRW($B$9,$C$14,$C$15,P$20,$P$19,$C$16,$C26,$B26,P$21) | Q26: =_xll.DBRW($B$9,$C$14,$C$15,Q$20,$P$19,$C$16,$C26,$B26,Q$21)
A27: =IF(_xll.TM1RPTELISCONSOLIDATED($C$22,$C27),IF(_xll.TM1RPTELLEV($C$22,$C27)<=3,_xll.TM1RPTELLEV($C$22,$C27),"D"),"N") -> 1 | B27: TOTAL PRODUCT | C27: South & Central America | D27: =_xll.DBRW($B$9,$C$14,$C$15,D$20,D$19,$C$16,$C27,$B27,D$21) | E27: =_xll.DBRW($B$9,$C$14,$C$15,E$20,D$19,$C$16,$C27,$B27,E$21) | F27: =_xll.DBRW($B$9,$C$14,$C$15,F$20,F$19,$C$16,$C27,$B27,F$21) | G27: =_xll.DBRW($B$9,$C$14,$C$15,G$20,F$19,$C$16,$C27,$B27,G$21) | H27: =_xll.DBRW($B$9,$C$14,$C$15,H$20,H$19,$C$16,$C27,$B27,H$21) | I27: =_xll.DBRW($B$9,$C$14,$C$15,I$20,H$19,$C$16,$C27,$B27,I$21) | J27: =_xll.DBRW($B$9,$C$14,$C$15,J$20,J$19,$C$16,$C27,$B27,J$21) | K27: =_xll.DBRW($B$9,$C$14,$C$15,K$20,J$19,$C$16,$C27,$B27,K$21) | L27: =_xll.DBRW($B$9,$C$14,$C$15,L$20,L$19,$C$16,$C27,$B27,L$21) | M27: =_xll.DBRW($B$9,$C$14,$C$15,M$20,L$19,$C$16,$C27,$B27,M$21) | N27: =_xll.DBRW($B$9,$C$14,$C$15,N$20,N$19,$C$16,$C27,$B27,N$21) | O27: =_xll.DBRW($B$9,$C$14,$C$15,O$20,N$19,$C$16,$C27,$B27,O$21) | P27: =_xll.DBRW($B$9,$C$14,$C$15,P$20,$P$19,$C$16,$C27,$B27,P$21) | Q27: =_xll.DBRW($B$9,$C$14,$C$15,Q$20,$P$19,$C$16,$C27,$B27,Q$21)
A28: =IF(_xll.TM1RPTELISCONSOLIDATED($C$22,$C28),IF(_xll.TM1RPTELLEV($C$22,$C28)<=3,_xll.TM1RPTELLEV($C$22,$C28),"D"),"N") -> 1 | B28: TOTAL PRODUCT | C28: Asia | D28: =_xll.DBRW($B$9,$C$14,$C$15,D$20,D$19,$C$16,$C28,$B28,D$21) | E28: =_xll.DBRW($B$9,$C$14,$C$15,E$20,D$19,$C$16,$C28,$B28,E$21) | F28: =_xll.DBRW($B$9,$C$14,$C$15,F$20,F$19,$C$16,$C28,$B28,F$21) | G28: =_xll.DBRW($B$9,$C$14,$C$15,G$20,F$19,$C$16,$C28,$B28,G$21) | H28: =_xll.DBRW($B$9,$C$14,$C$15,H$20,H$19,$C$16,$C28,$B28,H$21) | I28: =_xll.DBRW($B$9,$C$14,$C$15,I$20,H$19,$C$16,$C28,$B28,I$21) | J28: =_xll.DBRW($B$9,$C$14,$C$15,J$20,J$19,$C$16,$C28,$B28,J$21) | K28: =_xll.DBRW($B$9,$C$14,$C$15,K$20,J$19,$C$16,$C28,$B28,K$21) | L28: =_xll.DBRW($B$9,$C$14,$C$15,L$20,L$19,$C$16,$C28,$B28,L$21) | M28: =_xll.DBRW($B$9,$C$14,$C$15,M$20,L$19,$C$16,$C28,$B28,M$21) | N28: =_xll.DBRW($B$9,$C$14,$C$15,N$20,N$19,$C$16,$C28,$B28,N$21) | O28: =_xll.DBRW($B$9,$C$14,$C$15,O$20,N$19,$C$16,$C28,$B28,O$21) | P28: =_xll.DBRW($B$9,$C$14,$C$15,P$20,$P$19,$C$16,$C28,$B28,P$21) | Q28: =_xll.DBRW($B$9,$C$14,$C$15,Q$20,$P$19,$C$16,$C28,$B28,Q$21)
A29: =IF(_xll.TM1RPTELISCONSOLIDATED($C$22,$C29),IF(_xll.TM1RPTELLEV($C$22,$C29)<=3,_xll.TM1RPTELLEV($C$22,$C29),"D"),"N") -> 1 | B29: TOTAL PRODUCT | C29: Oceania | D29: =_xll.DBRW($B$9,$C$14,$C$15,D$20,D$19,$C$16,$C29,$B29,D$21) | E29: =_xll.DBRW($B$9,$C$14,$C$15,E$20,D$19,$C$16,$C29,$B29,E$21) | F29: =_xll.DBRW($B$9,$C$14,$C$15,F$20,F$19,$C$16,$C29,$B29,F$21) | G29: =_xll.DBRW($B$9,$C$14,$C$15,G$20,F$19,$C$16,$C29,$B29,G$21) | H29: =_xll.DBRW($B$9,$C$14,$C$15,H$20,H$19,$C$16,$C29,$B29,H$21) | I29: =_xll.DBRW($B$9,$C$14,$C$15,I$20,H$19,$C$16,$C29,$B29,I$21) | J29: =_xll.DBRW($B$9,$C$14,$C$15,J$20,J$19,$C$16,$C29,$B29,J$21) | K29: =_xll.DBRW($B$9,$C$14,$C$15,K$20,J$19,$C$16,$C29,$B29,K$21) | L29: =_xll.DBRW($B$9,$C$14,$C$15,L$20,L$19,$C$16,$C29,$B29,L$21) | M29: =_xll.DBRW($B$9,$C$14,$C$15,M$20,L$19,$C$16,$C29,$B29,M$21) | N29: =_xll.DBRW($B$9,$C$14,$C$15,N$20,N$19,$C$16,$C29,$B29,N$21) | O29: =_xll.DBRW($B$9,$C$14,$C$15,O$20,N$19,$C$16,$C29,$B29,O$21) | P29: =_xll.DBRW($B$9,$C$14,$C$15,P$20,$P$19,$C$16,$C29,$B29,P$21) | Q29: =_xll.DBRW($B$9,$C$14,$C$15,Q$20,$P$19,$C$16,$C29,$B29,Q$21)
A30: =IF(_xll.TM1RPTELISCONSOLIDATED($C$22,$C30),IF(_xll.TM1RPTELLEV($C$22,$C30)<=3,_xll.TM1RPTELLEV($C$22,$C30),"D"),"N") -> 1 | B30: TOTAL PRODUCT | C30: Others | D30: =_xll.DBRW($B$9,$C$14,$C$15,D$20,D$19,$C$16,$C30,$B30,D$21) | E30: =_xll.DBRW($B$9,$C$14,$C$15,E$20,D$19,$C$16,$C30,$B30,E$21) | F30: =_xll.DBRW($B$9,$C$14,$C$15,F$20,F$19,$C$16,$C30,$B30,F$21) | G30: =_xll.DBRW($B$9,$C$14,$C$15,G$20,F$19,$C$16,$C30,$B30,G$21) | H30: =_xll.DBRW($B$9,$C$14,$C$15,H$20,H$19,$C$16,$C30,$B30,H$21) | I30: =_xll.DBRW($B$9,$C$14,$C$15,I$20,H$19,$C$16,$C30,$B30,I$21) | J30: =_xll.DBRW($B$9,$C$14,$C$15,J$20,J$19,$C$16,$C30,$B30,J$21) | K30: =_xll.DBRW($B$9,$C$14,$C$15,K$20,J$19,$C$16,$C30,$B30,K$21) | L30: =_xll.DBRW($B$9,$C$14,$C$15,L$20,L$19,$C$16,$C30,$B30,L$21) | M30: =_xll.DBRW($B$9,$C$14,$C$15,M$20,L$19,$C$16,$C30,$B30,M$21) | N30: =_xll.DBRW($B$9,$C$14,$C$15,N$20,N$19,$C$16,$C30,$B30,N$21) | O30: =_xll.DBRW($B$9,$C$14,$C$15,O$20,N$19,$C$16,$C30,$B30,O$21) | P30: =_xll.DBRW($B$9,$C$14,$C$15,P$20,$P$19,$C$16,$C30,$B30,P$21) | Q30: =_xll.DBRW($B$9,$C$14,$C$15,Q$20,$P$19,$C$16,$C30,$B30,Q$21)
A31: =IF(_xll.TM1RPTELISCONSOLIDATED($C$22,$C31),IF(_xll.TM1RPTELLEV($C$22,$C31)<=3,_xll.TM1RPTELLEV($C$22,$C31),"D"),"N") -> 0 | B31: L - LAB - Ploughing | C31: Total Country SOM | D31: =_xll.DBRW($B$9,$C$14,$C$15,D$20,D$19,$C$16,$C31,$B31,D$21) | E31: =_xll.DBRW($B$9,$C$14,$C$15,E$20,D$19,$C$16,$C31,$B31,E$21) | F31: =_xll.DBRW($B$9,$C$14,$C$15,F$20,F$19,$C$16,$C31,$B31,F$21) | G31: =_xll.DBRW($B$9,$C$14,$C$15,G$20,F$19,$C$16,$C31,$B31,G$21) | H31: =_xll.DBRW($B$9,$C$14,$C$15,H$20,H$19,$C$16,$C31,$B31,H$21) | I31: =_xll.DBRW($B$9,$C$14,$C$15,I$20,H$19,$C$16,$C31,$B31,I$21) | J31: =_xll.DBRW($B$9,$C$14,$C$15,J$20,J$19,$C$16,$C31,$B31,J$21) | K31: =_xll.DBRW($B$9,$C$14,$C$15,K$20,J$19,$C$16,$C31,$B31,K$21) | L31: =_xll.DBRW($B$9,$C$14,$C$15,L$20,L$19,$C$16,$C31,$B31,L$21) | M31: =_xll.DBRW($B$9,$C$14,$C$15,M$20,L$19,$C$16,$C31,$B31,M$21) | N31: =_xll.DBRW($B$9,$C$14,$C$15,N$20,N$19,$C$16,$C31,$B31,N$21) | O31: =_xll.DBRW($B$9,$C$14,$C$15,O$20,N$19,$C$16,$C31,$B31,O$21) | P31: =_xll.DBRW($B$9,$C$14,$C$15,P$20,$P$19,$C$16,$C31,$B31,P$21) | Q31: =_xll.DBRW($B$9,$C$14,$C$15,Q$20,$P$19,$C$16,$C31,$B31,Q$21)
A32: =IF(_xll.TM1RPTELISCONSOLIDATED($C$22,$C32),IF(_xll.TM1RPTELLEV($C$22,$C32)<=3,_xll.TM1RPTELLEV($C$22,$C32),"D"),"N") -> 1 | B32: L - LAB - Ploughing | C32: France + DOM | D32: =_xll.DBRW($B$9,$C$14,$C$15,D$20,D$19,$C$16,$C32,$B32,D$21) | E32: =_xll.DBRW($B$9,$C$14,$C$15,E$20,D$19,$C$16,$C32,$B32,E$21) | F32: =_xll.DBRW($B$9,$C$14,$C$15,F$20,F$19,$C$16,$C32,$B32,F$21) | G32: =_xll.DBRW($B$9,$C$14,$C$15,G$20,F$19,$C$16,$C32,$B32,G$21) | H32: =_xll.DBRW($B$9,$C$14,$C$15,H$20,H$19,$C$16,$C32,$B32,H$21) | I32: =_xll.DBRW($B$9,$C$14,$C$15,I$20,H$19,$C$16,$C32,$B32,I$21) | J32: =_xll.DBRW($B$9,$C$14,$C$15,J$20,J$19,$C$16,$C32,$B32,J$21) | K32: =_xll.DBRW($B$9,$C$14,$C$15,K$20,J$19,$C$16,$C32,$B32,K$21) | L32: =_xll.DBRW($B$9,$C$14,$C$15,L$20,L$19,$C$16,$C32,$B32,L$21) | M32: =_xll.DBRW($B$9,$C$14,$C$15,M$20,L$19,$C$16,$C32,$B32,M$21) | N32: =_xll.DBRW($B$9,$C$14,$C$15,N$20,N$19,$C$16,$C32,$B32,N$21) | O32: =_xll.DBRW($B$9,$C$14,$C$15,O$20,N$19,$C$16,$C32,$B32,O$21) | P32: =_xll.DBRW($B$9,$C$14,$C$15,P$20,$P$19,$C$16,$C32,$B32,P$21) | Q32: =_xll.DBRW($B$9,$C$14,$C$15,Q$20,$P$19,$C$16,$C32,$B32,Q$21)
A33: =IF(_xll.TM1RPTELISCONSOLIDATED($C$22,$C33),IF(_xll.TM1RPTELLEV($C$22,$C33)<=3,_xll.TM1RPTELLEV($C$22,$C33),"D"),"N") -> 1 | B33: L - LAB - Ploughing | C33: EU + EFTA | D33: =_xll.DBRW($B$9,$C$14,$C$15,D$20,D$19,$C$16,$C33,$B33,D$21) | E33: =_xll.DBRW($B$9,$C$14,$C$15,E$20,D$19,$C$16,$C33,$B33,E$21) | F33: =_xll.DBRW($B$9,$C$14,$C$15,F$20,F$19,$C$16,$C33,$B33,F$21) | G33: =_xll.DBRW($B$9,$C$14,$C$15,G$20,F$19,$C$16,$C33,$B33,G$21) | H33: =_xll.DBRW($B$9,$C$14,$C$15,H$20,H$19,$C$16,$C33,$B33,H$21) | I33: =_xll.DBRW($B$9,$C$14,$C$15,I$20,H$19,$C$16,$C33,$B33,I$21) | J33: =_xll.DBRW($B$9,$C$14,$C$15,J$20,J$19,$C$16,$C33,$B33,J$21) | K33: =_xll.DBRW($B$9,$C$14,$C$15,K$20,J$19,$C$16,$C33,$B33,K$21) | L33: =_xll.DBRW($B$9,$C$14,$C$15,L$20,L$19,$C$16,$C33,$B33,L$21) | M33: =_xll.DBRW($B$9,$C$14,$C$15,M$20,L$19,$C$16,$C33,$B33,M$21) | N33: =_xll.DBRW($B$9,$C$14,$C$15,N$20,N$19,$C$16,$C33,$B33,N$21) | O33: =_xll.DBRW($B$9,$C$14,$C$15,O$20,N$19,$C$16,$C33,$B33,O$21) | P33: =_xll.DBRW($B$9,$C$14,$C$15,P$20,$P$19,$C$16,$C33,$B33,P$21) | Q33: =_xll.DBRW($B$9,$C$14,$C$15,Q$20,$P$19,$C$16,$C33,$B33,Q$21)
A34: =IF(_xll.TM1RPTELISCONSOLIDATED($C$22,$C34),IF(_xll.TM1RPTELLEV($C$22,$C34)<=3,_xll.TM1RPTELLEV($C$22,$C34),"D"),"N") -> 1 | B34: L - LAB - Ploughing | C34: Eastern Europe | D34: =_xll.DBRW($B$9,$C$14,$C$15,D$20,D$19,$C$16,$C34,$B34,D$21) | E34: =_xll.DBRW($B$9,$C$14,$C$15,E$20,D$19,$C$16,$C34,$B34,E$21) | F34: =_xll.DBRW($B$9,$C$14,$C$15,F$20,F$19,$C$16,$C34,$B34,F$21) | G34: =_xll.DBRW($B$9,$C$14,$C$15,G$20,F$19,$C$16,$C34,$B34,G$21) | H34: =_xll.DBRW($B$9,$C$14,$C$15,H$20,H$19,$C$16,$C34,$B34,H$21) | I34: =_xll.DBRW($B$9,$C$14,$C$15,I$20,H$19,$C$16,$C34,$B34,I$21) | J34: =_xll.DBRW($B$9,$C$14,$C$15,J$20,J$19,$C$16,$C34,$B34,J$21) | K34: =_xll.DBRW($B$9,$C$14,$C$15,K$20,J$19,$C$16,$C34,$B34,K$21) | L34: =_xll.DBRW($B$9,$C$14,$C$15,L$20,L$19,$C$16,$C34,$B34,L$21) | M34: =_xll.DBRW($B$9,$C$14,$C$15,M$20,L$19,$C$16,$C34,$B34,M$21) | N34: =_xll.DBRW($B$9,$C$14,$C$15,N$20,N$19,$C$16,$C34,$B34,N$21) | O34: =_xll.DBRW($B$9,$C$14,$C$15,O$20,N$19,$C$16,$C34,$B34,O$21) | P34: =_xll.DBRW($B$9,$C$14,$C$15,P$20,$P$19,$C$16,$C34,$B34,P$21) | Q34: =_xll.DBRW($B$9,$C$14,$C$15,Q$20,$P$19,$C$16,$C34,$B34,Q$21)
... A228: =IF(_xll.TM1RPTELISCONSOLIDATED($C$22,$C228),IF(_xll.TM1RPTELLEV($C$22,$C228)<=3,_xll.TM1RPTELLEV($C$22,$C228),"D"),"N") -> 1 | B228: L - -2 - Not applicable | C228: Others | D228: =_xll.DBRW($B$9,$C$14,$C$15,D$20,D$19,$C$16,$C228,$B228,D$21) | E228: =_xll.DBRW($B$9,$C$14,$C$15,E$20,D$19,$C$16,$C228,$B228,E$21) | F228: =_xll.DBRW($B$9,$C$14,$C$15,F$20,F$19,$C$16,$C228,$B228,F$21) | G228: =_xll.DBRW($B$9,$C$14,$C$15,G$20,F$19,$C$16,$C228,$B228,G$21) | H228: =_xll.DBRW($B$9,$C$14,$C$15,H$20,H$19,$C$16,$C228,$B228,H$21) | I228: =_xll.DBRW($B$9,$C$14,$C$15,I$20,H$19,$C$16,$C228,$B228,I$21) | J228: =_xll.DBRW($B$9,$C$14,$C$15,J$20,J$19,$C$16,$C228,$B228,J$21) | K228: =_xll.DBRW($B$9,$C$14,$C$15,K$20,J$19,$C$16,$C228,$B228,K$21) | L228: =_xll.DBRW($B$9,$C$14,$C$15,L$20,L$19,$C$16,$C228,$B228,L$21) | M228: =_xll.DBRW($B$9,$C$14,$C$15,M$20,L$19,$C$16,$C228,$B228,M$21) | N228: =_xll.DBRW($B$9,$C$14,$C$15,N$20,N$19,$C$16,$C228,$B228,N$21) | O228: =_xll.DBRW($B$9,$C$14,$C$15,O$20,N$19,$C$16,$C228,$B228,O$21) | P228: =_xll.DBRW($B$9,$C$14,$C$15,P$20,$P$19,$C$16,$C228,$B228,P$21) | Q228: =_xll.DBRW($B$9,$C$14,$C$15,Q$20,$P$19,$C$16,$C228,$B228,Q$21)

Sheet {AR}21
B19: TOTAL PRODUCT
B20: L - 000 -
B21: L - 700000 - PLOUGHING
B22: L - 701000 - TILLAGE
B23: L - 702000 - SEEDING
B24: L - 703000 - FERTILISING
B25: L - 704000 - SPRAYING
B26: L - 705000 - LANDSCAPE MAINTENANCE
B27: L - 706000 - SHREDDING
B28: L - 707000 - HAY & FORAGE
B29: L - 708000 - BALERS
B30: L - 709000 - WRAPPERS
... B47: L - NA - Not Available

Sheet {AR}31
C19: Total Country SOM
C20: France + DOM
C21: EU + EFTA
C22: Eastern Europe
C23: North_America
C24: South & Central America
C25: Asia
C26: Oceania
C27: Others
