Workbook
Name TM1REBUILDOPTION: 1
Name TM1RPTDATARNGARPT1: QTY!$23:$23
Name TM1RPTDATARNGARPT1: Sales!$23:$23
Name TM1RPTDATARNGARPT1: 'Unit Price'!$23:$23
Name TM1RPTFMTIDCOL: QTY!$A$1:$A$8
Name TM1RPTFMTIDCOL: Sales!$A$1:$A$8
Name TM1RPTFMTIDCOL: 'Unit Price'!$A$1:$A$8
Name TM1RPTFMTRNG: QTY!$B$1:$T$8
Name TM1RPTFMTRNG: Sales!$B$1:$T$8
Name TM1RPTFMTRNG: 'Unit Price'!$B$1:$T$8

Sheet QTY
A1: [Begin Format Range]
A2: =0 -> 0
A3: =1 -> 1
A4: =2 -> 2
A5: =3 -> 3
A6: D
A7: N
A8: [End Format Range]
B9: =_xll.TM1RPTVIEW("CXMD:OTC_DATA_MARKET_ANALYSIS:ARPT1", 1, _xll.TM1RPTTITLE("CXMD:Currency",$C$16), _xll.TM1RPTTITLE("CXMD:DIM_Prev_IC_mapping",$C$17), _xll.TM1RPTTITLE("CXMD:DIM_Origin_Company",$C$15),TM1RPTFMTRNG,TM1RPTFMTIDCOL) -> CXMD:OTC_DATA_MARKET_ANALYSIS:ARPT1
B15: Origin_Company | C15: =_xll.SUBNM("CXMD:DIM_Origin_Company","","KNL","Name EN") -> KNL
B16: Currency | C16: =_xll.SUBNM("CXMD:Currency","","CD_LC","Description EN") -> Local currency
B17: Prev_IC_mapping | C17: =_xll.SUBNM("CXMD:DIM_Prev_IC_mapping","","99 - Kuhn Group","Groupement_Alias") -> 99 - Kuhn Group
D20: AC2017 | F20: Market shares % (qty) | G20: FC3_2018 | I20: Market shares % (qty) | J20: PL2019 (update 2018) | L20: Market shares % (qty) | M20: PL2020 (update 2018) | O20: Market shares % (qty) | P20: PL2021 (update 2018) | R20: Market shares % (qty) | S20: PL2022 (update 2018) | U20: Market shares % (qty)
D21: KUHN_Scope | E21: KUHN Sales | G21: KUHN_Scope | H21: KUHN Sales | J21: KUHN_Scope | K21: KUHN Sales | M21: KUHN_Scope | N21: KUHN Sales | P21: KUHN_Scope | Q21: KUHN Sales | S21: KUHN_Scope | T21: KUHN Sales
D22: QTY | E22: QTY | G22: QTY | H22: QTY | J22: QTY | K22: QTY | M22: QTY | N22: QTY | P22: QTY | Q22: QTY | S22: QTY | T22: QTY
A23: =IF(_xll.TM1RPTELISCONSOLIDATED($C$23,$C23),IF(_xll.TM1RPTELLEV($C$23,$C23)<=3,_xll.TM1RPTELLEV($C$23,$C23),"D"),"N") -> N | B23: =_xll.TM1RPTROW($B$9,"CXMD:DIM_Configuration","Product_Line","","Description EN",0) | C23: =_xll.TM1RPTROW($B$9,"CXMD:DIM_Country","Total Country SOM","","Description",0) | D23: =_xll.DBRW($B$9,$C$16,$C$17,D$21,D$20,$C$15,$C23,$B23,D$22) | E23: =_xll.DBRW($B$9,$C$16,$C$17,E$21,D$20,$C$15,$C23,$B23,E$22) | F23: =IF(D23<>0,E23/D23,0) -> #VALUE! | G23: =_xll.DBRW($B$9,$C$16,$C$17,G$21,G$20,$C$15,$C23,$B23,G$22) | H23: =_xll.DBRW($B$9,$C$16,$C$17,H$21,G$20,$C$15,$C23,$B23,H$22) | I23: =IF(G23<>0,H23/G23,0) -> #VALUE! | J23: =_xll.DBRW($B$9,$C$16,$C$17,J$21,J$20,$C$15,$C23,$B23,J$22) | K23: =_xll.DBRW($B$9,$C$16,$C$17,K$21,J$20,$C$15,$C23,$B23,K$22) | L23: =IF(J23<>0,K23/J23,0) -> #VALUE! | M23: =_xll.DBRW($B$9,$C$16,$C$17,M$21,M$20,$C$15,$C23,$B23,M$22) | N23: =_xll.DBRW($B$9,$C$16,$C$17,N$21,M$20,$C$15,$C23,$B23,N$22) | O23: =IF(M23<>0,N23/M23,0) -> #VALUE! | P23: =_xll.DBRW($B$9,$C$16,$C$17,P$21,P$20,$C$15,$C23,$B23,P$22) | Q23: =_xll.DBRW($B$9,$C$16,$C$17,Q$21,P$20,$C$15,$C23,$B23,Q$22) | R23: =IF(P23<>0,Q23/P23,0) -> #VALUE! | S23: =_xll.DBRW($B$9,$C$16,$C$17,S$21,S$20,$C$15,$C23,$B23,S$22) | T23: =_xll.DBRW($B$9,$C$16,$C$17,T$21,S$20,$C$15,$C23,$B23,T$22) | U23: =IF(S23<>0,T23/S23,0) -> #VALUE!

Sheet Unit Price
A1: [Begin Format Range]
A2: =0 -> 0
A3: =1 -> 1
A4: =2 -> 2
A5: =3 -> 3
A6: D
A7: N
A8: [End Format Range]
B9: =_xll.TM1RPTVIEW("CXMD:OTC_DATA_MARKET_ANALYSIS:ARPT1", 1, _xll.TM1RPTTITLE("CXMD:Currency",$C$16), _xll.TM1RPTTITLE("CXMD:DIM_Prev_IC_mapping",$C$17), _xll.TM1RPTTITLE("CXMD:DIM_Origin_Company",$C$15),TM1RPTFMTRNG,TM1RPTFMTIDCOL) -> CXMD:OTC_DATA_MARKET_ANALYSIS:ARPT1
B15: Origin_Company | C15: =QTY!C15 -> KNL
B16: Currency | C16: =QTY!C16 -> Local currency
B17: Prev_IC_mapping | C17: =QTY!C17 -> 99 - Kuhn Group
D20: =QTY!D20 -> AC2017 | F20: % | G20: =QTY!G20 -> FC3_2018 | I20: % | J20: =QTY!J20 -> PL2019 (update 2018) | L20: % | M20: =QTY!M20 -> PL2020 (update 2018) | O20: % | P20: =QTY!P20 -> PL2021 (update 2018) | R20: % | S20: =QTY!S20 -> PL2022 (update 2018) | U20: %
D21: KUHN_Scope | E21: KUHN Sales | G21: KUHN_Scope | H21: KUHN Sales | J21: KUHN_Scope | K21: KUHN Sales | M21: KUHN_Scope | N21: KUHN Sales | P21: KUHN_Scope | Q21: KUHN Sales | S21: KUHN_Scope | T21: KUHN Sales
D22: Unit.Price | E22: Unit.Price | G22: Unit.Price | H22: Unit.Price | J22: Unit.Price | K22: Unit.Price | M22: Unit.Price | N22: Unit.Price | P22: Unit.Price | Q22: Unit.Price | S22: Unit.Price | T22: Unit.Price
A23: =IF(_xll.TM1RPTELISCONSOLIDATED($C$23,$C23),IF(_xll.TM1RPTELLEV($C$23,$C23)<=3,_xll.TM1RPTELLEV($C$23,$C23),"D"),"N") -> N | B23: =_xll.TM1RPTROW($B$9,"CXMD:DIM_Configuration","Product_Line",,"Description EN",0) | C23: =_xll.TM1RPTROW($B$9,"CXMD:DIM_Country","Total Country SOM","","Description",0) | D23: =_xll.DBRW($B$9,$C$16,$C$17,D$21,D$20,$C$15,$C23,$B23,D$22) | E23: =_xll.DBRW($B$9,$C$16,$C$17,E$21,D$20,$C$15,$C23,$B23,E$22) | F23: =IF(D23<>0,E23/D23,0) -> #VALUE! | G23: =_xll.DBRW($B$9,$C$16,$C$17,G$21,G$20,$C$15,$C23,$B23,G$22) | H23: =_xll.DBRW($B$9,$C$16,$C$17,H$21,G$20,$C$15,$C23,$B23,H$22) | I23: =IF(G23<>0,H23/G23,0) -> #VALUE! | J23: =_xll.DBRW($B$9,$C$16,$C$17,J$21,J$20,$C$15,$C23,$B23,J$22) | K23: =_xll.DBRW($B$9,$C$16,$C$17,K$21,J$20,$C$15,$C23,$B23,K$22) | L23: =IF(J23<>0,K23/J23,0) -> #VALUE! | M23: =_xll.DBRW($B$9,$C$16,$C$17,M$21,M$20,$C$15,$C23,$B23,M$22) | N23: =_xll.DBRW($B$9,$C$16,$C$17,N$21,M$20,$C$15,$C23,$B23,N$22) | O23: =IF(M23<>0,N23/M23,0) -> #VALUE! | P23: =_xll.DBRW($B$9,$C$16,$C$17,P$21,P$20,$C$15,$C23,$B23,P$22) | Q23: =_xll.DBRW($B$9,$C$16,$C$17,Q$21,P$20,$C$15,$C23,$B23,Q$22) | R23: =IF(P23<>0,Q23/P23,0) -> #VALUE! | S23: =_xll.DBRW($B$9,$C$16,$C$17,S$21,S$20,$C$15,$C23,$B23,S$22) | T23: =_xll.DBRW($B$9,$C$16,$C$17,T$21,S$20,$C$15,$C23,$B23,T$22) | U23: =IF(S23<>0,T23/S23,0) -> #VALUE!

Sheet Sales
A1: [Begin Format Range]
A2: =0 -> 0
A3: =1 -> 1
A4: =2 -> 2
A5: =3 -> 3
A6: D
A7: N
A8: [End Format Range]
B9: =_xll.TM1RPTVIEW("CXMD:OTC_DATA_MARKET_ANALYSIS:ARPT1", 1, _xll.TM1RPTTITLE("CXMD:Currency",$C$16), _xll.TM1RPTTITLE("CXMD:DIM_Prev_IC_mapping",$C$17), _xll.TM1RPTTITLE("CXMD:DIM_Origin_Company",$C$15),TM1RPTFMTRNG,TM1RPTFMTIDCOL) -> CXMD:OTC_DATA_MARKET_ANALYSIS:ARPT1
B15: Origin_Company | C15: =QTY!C15 -> KNL
B16: Currency | C16: =QTY!C16 -> Local currency
B17: Prev_IC_mapping | C17: =QTY!C17 -> 99 - Kuhn Group
D20: AC2017 | F20: % | G20: FC3_2018 | I20: % | J20: PL2019 (update 2018) | L20: % | M20: PL2020 (update 2018) | O20: % | P20: PL2021 (update 2018) | R20: % | S20: PL2022 (update 2018) | U20: %
D21: KUHN_Scope | E21: KUHN Sales | G21: KUHN_Scope | H21: KUHN Sales | J21: KUHN_Scope | K21: KUHN Sales | M21: KUHN_Scope | N21: KUHN Sales | P21: KUHN_Scope | Q21: KUHN Sales | S21: KUHN_Scope | T21: KUHN Sales
D22: SALES | E22: SALES | G22: SALES | H22: SALES | J22: SALES | K22: SALES | M22: SALES | N22: SALES | P22: SALES | Q22: SALES | S22: SALES | T22: SALES
A23: =IF(_xll.TM1RPTELISCONSOLIDATED($C$23,$C23),IF(_xll.TM1RPTELLEV($C$23,$C23)<=3,_xll.TM1RPTELLEV($C$23,$C23),"D"),"N") -> N | B23: =_xll.TM1RPTROW($B$9,"CXMD:DIM_Configuration","Product_Line",,"Description EN",0) | C23: =_xll.TM1RPTROW($B$9,"CXMD:DIM_Country","Total Country SOM","","Description",0) | D23: =_xll.DBRW($B$9,$C$16,$C$17,D$21,D$20,$C$15,$C23,$B23,D$22) | E23: =_xll.DBRW($B$9,$C$16,$C$17,E$21,D$20,$C$15,$C23,$B23,E$22) | F23: =IF(D23<>0,E23/D23,0) -> #VALUE! | G23: =_xll.DBRW($B$9,$C$16,$C$17,G$21,G$20,$C$15,$C23,$B23,G$22) | H23: =_xll.DBRW($B$9,$C$16,$C$17,H$21,G$20,$C$15,$C23,$B23,H$22) | I23: =IF(G23<>0,H23/G23,0) -> #VALUE! | J23: =_xll.DBRW($B$9,$C$16,$C$17,J$21,J$20,$C$15,$C23,$B23,J$22) | K23: =_xll.DBRW($B$9,$C$16,$C$17,K$21,J$20,$C$15,$C23,$B23,K$22) | L23: =IF(J23<>0,K23/J23,0) -> #VALUE! | M23: =_xll.DBRW($B$9,$C$16,$C$17,M$21,M$20,$C$15,$C23,$B23,M$22) | N23: =_xll.DBRW($B$9,$C$16,$C$17,N$21,M$20,$C$15,$C23,$B23,N$22) | O23: =IF(M23<>0,N23/M23,0) -> #VALUE! | P23: =_xll.DBRW($B$9,$C$16,$C$17,P$21,P$20,$C$15,$C23,$B23,P$22) | Q23: =_xll.DBRW($B$9,$C$16,$C$17,Q$21,P$20,$C$15,$C23,$B23,Q$22) | R23: =IF(P23<>0,Q23/P23,0) -> #VALUE! | S23: =_xll.DBRW($B$9,$C$16,$C$17,S$21,S$20,$C$15,$C23,$B23,S$22) | T23: =_xll.DBRW($B$9,$C$16,$C$17,T$21,S$20,$C$15,$C23,$B23,T$22) | U23: =IF(S23<>0,T23/S23,0) -> #VALUE!

Sheet {AR}01
B19: TOTAL PRODUCT
B20: L - 000 -
B21: L - 700000 - PLOUGHING
B22: L - 701000 - TILLAGE
B23: L - 702000 - SEEDING
B24: L - 703000 - FERTILISING
B25: L - 704000 - SPRAYING
B26: L - 705000 - LANDSCAPE MAINTENANCE
B27: L - 706000 - SHREDDING
B28: L - 707000 - HAY & FORAGE
B29: L - 708000 - BALERS
B30: L - 709000 - WRAPPERS
... B47: L - NA - Not Available

Sheet {AR}11
C19: Total Country SOM
C20: France + DOM
C21: EU + EFTA
C22: Eastern Europe
C23: North_America
C24: South & Central America
C25: Asia
C26: Oceania
C27: Others
