Workbook
Name actuality: 'Unit Price'!$M$16
Name configuration: QTY!$C$18
Name country: 'Unit Price'!$M$18
Name currency: QTY!$C$16
Name market_actor: 'Unit Price'!$M$17
Name origin_company: QTY!$C$17
Name prev_ic_mapping: QTY!$C$19
Name TM1REBUILDOPTION: 1
Name TM1RPTDATARNGARPT1: Comments!$24:$32
Name TM1RPTDATARNGARPT1: QTY!$26:$34
Name TM1RPTDATARNGARPT1: Sales!$26:$34
Name TM1RPTDATARNGARPT1: 'Unit Price'!$28:$36
Name TM1RPTFMTIDCOL: Comments!$A$1:$A$8
Name TM1RPTFMTIDCOL: QTY!$A$1:$A$8
Name TM1RPTFMTIDCOL: Sales!$A$1:$A$8
Name TM1RPTFMTIDCOL: 'Unit Price'!$A$1:$A$8
Name TM1RPTFMTRNG: Comments!$B$1:$P$8
Name TM1RPTFMTRNG: QTY!$B$1:$W$8
Name TM1RPTFMTRNG: Sales!$B$1:$W$8
Name TM1RPTFMTRNG: 'Unit Price'!$B$1:$W$8
Name unit_price_global: 'Unit Price'!$M$19

Sheet QTY
A1: [Begin Format Range]
A2: =0 -> 0
A3: =1 -> 1
A4: =2 -> 2
A5: =3 -> 3
A6: D
A7: N
A8: [End Format Range]
B9: =_xll.TM1RPTVIEW("CXMD:OTC_DATA_MARKET_ANALYSIS:ARPT1", 0, _xll.TM1RPTTITLE("CXMD:Currency",$C$16), _xll.TM1RPTTITLE("CXMD:DIM_Prev_IC_mapping",$C$19), _xll.TM1RPTTITLE("CXMD:DIM_Origin_Company",$C$17), _xll.TM1RPTTITLE("CXMD:DIM_Configuration",$C$18),TM1RPTFMTRNG,TM1RPTFMTIDCOL) -> CXMD:OTC_DATA_MARKET_ANALYSIS:ARPT1
B16: Currency | C16: =_xll.SUBNM("CXMD:Currency","Par Défaut","CD_LC","Description EN") -> Local currency
B17: Origin_Company | C17: =_xll.SUBNM("CXMD:DIM_Origin_Company","","-1","Name EN") -> Not available
B18: Configuration | C18: =_xll.SUBNM("CXMD:DIM_Configuration","Product_Line","TOTAL PRODUCT","Description EN") -> TOTAL PRODUCT
B19: Prev_IC_mapping | C19: =_xll.SUBNM("CXMD:DIM_Prev_IC_mapping","","99 - Kuhn Group","Groupement_Alias") -> 99 - Kuhn Group
C22: =_xll.SUBNM("CXMD:Actuality","Actuality_Market_Share","AC2019","Description EN") -> AC2019 | F22: =_xll.SUBNM("CXMD:Actuality","Actuality_Market_Share","AC2020","Description EN") -> AC2020 | I22: =_xll.SUBNM("CXMD:Actuality","Actuality_Market_Share","AC2021","Description EN") -> AC2021 | L22: =_xll.SUBNM("CXMD:Actuality","Actuality_Market_Share","AC2022","Description EN") -> AC2022 | O22: =_xll.SUBNM("CXMD:Actuality","Actuality_Market_Share","AC2023","Description EN") -> AC2023 | R22: =_xll.SUBNM("CXMD:Actuality","Actuality_Market_Share","BU2024draft","Description EN") -> BU2024draft | U22: =_xll.SUBNM("CXMD:Actuality","Actuality_Market_Share","PL2025 (update 2023)","Description EN") -> PL2025 (update 2023)
C24: =_xll.SUBNM("CXMD:Market_Actor","Market_Actor","Kuhn_scope","Description") -> KUHN_Scope | D24: =_xll.SUBNM("CXMD:Market_Actor","Market_Actor","KUHN SOM","Description") -> KUHN Sales | E24: % | F24: =_xll.SUBNM("CXMD:Market_Actor","Market_Actor","Kuhn_scope","Description") -> KUHN_Scope | G24: =_xll.SUBNM("CXMD:Market_Actor","Market_Actor","KUHN SOM","Description") -> KUHN Sales | H24: % | I24: =_xll.SUBNM("CXMD:Market_Actor","Market_Actor","Kuhn_scope","Description") -> KUHN_Scope | J24: =_xll.SUBNM("CXMD:Market_Actor","Market_Actor","KUHN SOM","Description") -> KUHN Sales | K24: % | L24: =_xll.SUBNM("CXMD:Market_Actor","Market_Actor","Kuhn_scope","Description") -> KUHN_Scope | M24: =_xll.SUBNM("CXMD:Market_Actor","Market_Actor","KUHN SOM","Description") -> KUHN Sales | N24: % | O24: =_xll.SUBNM("CXMD:Market_Actor","Market_Actor","Kuhn_scope","Description") -> KUHN_Scope | P24: =_xll.SUBNM("CXMD:Market_Actor","Market_Actor","KUHN SOM","Description") -> KUHN Sales | Q24: % | R24: =_xll.SUBNM("CXMD:Market_Actor","Market_Actor","Kuhn_scope","Description") -> KUHN_Scope | S24: =_xll.SUBNM("CXMD:Market_Actor","Market_Actor","KUHN SOM","Description") -> KUHN Sales | T24: % | U24: =_xll.SUBNM("CXMD:Market_Actor","Market_Actor","Kuhn_scope","Description") -> KUHN_Scope | V24: =_xll.SUBNM("CXMD:Market_Actor","Market_Actor","KUHN SOM","Description") -> KUHN Sales | W24: %
C25: QTY | D25: QTY | F25: QTY | G25: QTY | I25: QTY | J25: QTY | L25: QTY | M25: QTY | O25: QTY | P25: QTY | R25: QTY | S25: QTY | U25: QTY | V25: QTY
A26: =IF(_xll.TM1RPTELISCONSOLIDATED($B$26,$B26),IF(_xll.TM1RPTELLEV($B$26,$B26)<=3,_xll.TM1RPTELLEV($B$26,$B26),"D"),"N") -> 0 | B26: =_xll.TM1RPTROW($B$9,"CXMD:DIM_Country","Total Country SOM","","Description",0) -> Total Country SOM | C26: =_xll.DBRW($B$9,$C$16,$C$19,C$24,C$22,$C$17,$B26,$C$18,C$25) -> 0 | D26: =_xll.DBRW($B$9,$C$16,$C$19,D$24,C$22,$C$17,$B26,$C$18,D$25) -> 0 | E26: =IF(C26<>0,D26/C26,0) -> 0 | F26: =_xll.DBRW($B$9,$C$16,$C$19,F$24,F$22,$C$17,$B26,$C$18,F$25) -> 0 | G26: =_xll.DBRW($B$9,$C$16,$C$19,G$24,F$22,$C$17,$B26,$C$18,G$25) -> 2032 | H26: =IF(F26<>0,G26/F26,0) -> 0 | I26: =_xll.DBRW($B$9,$C$16,$C$19,I$24,I$22,$C$17,$B26,$C$18,I$25) -> 0 | J26: =_xll.DBRW($B$9,$C$16,$C$19,J$24,I$22,$C$17,$B26,$C$18,J$25) -> 0 | K26: =IF(I26<>0,J26/I26,0) -> 0 | L26: =_xll.DBRW($B$9,$C$16,$C$19,L$24,L$22,$C$17,$B26,$C$18,L$25) -> 0 | M26: =_xll.DBRW($B$9,$C$16,$C$19,M$24,L$22,$C$17,$B26,$C$18,M$25) -> 0 | N26: =IF(L26<>0,M26/L26,0) -> 0 | O26: =_xll.DBRW($B$9,$C$16,$C$19,O$24,O$22,$C$17,$B26,$C$18,O$25) -> 0 | P26: =_xll.DBRW($B$9,$C$16,$C$19,P$24,O$22,$C$17,$B26,$C$18,P$25) -> 0 | Q26: =IF(O26<>0,P26/O26,0) -> 0 | R26: =_xll.DBRW($B$9,$C$16,$C$19,R$24,R$22,$C$17,$B26,$C$18,R$25) -> 0 | S26: =_xll.DBRW($B$9,$C$16,$C$19,S$24,R$22,$C$17,$B26,$C$18,S$25) -> 0 | T26: =IF(R26<>0,S26/R26,0) -> 0 | U26: =_xll.DBRW($B$9,$C$16,$C$19,U$24,U$22,$C$17,$B26,$C$18,U$25) -> 0 | V26: =_xll.DBRW($B$9,$C$16,$C$19,V$24,U$22,$C$17,$B26,$C$18,V$25) -> 0 | W26: =IF(U26<>0,V26/U26,0) -> 0
A27: =IF(_xll.TM1RPTELISCONSOLIDATED($B$26,$B27),IF(_xll.TM1RPTELLEV($B$26,$B27)<=3,_xll.TM1RPTELLEV($B$26,$B27),"D"),"N") -> 1 | B27: France + DOM | C27: =_xll.DBRW($B$9,$C$16,$C$19,C$24,C$22,$C$17,$B27,$C$18,C$25) -> 0 | D27: =_xll.DBRW($B$9,$C$16,$C$19,D$24,C$22,$C$17,$B27,$C$18,D$25) -> 0 | E27: =IF(C27<>0,D27/C27,0) -> 0 | F27: =_xll.DBRW($B$9,$C$16,$C$19,F$24,F$22,$C$17,$B27,$C$18,F$25) -> 0 | G27: =_xll.DBRW($B$9,$C$16,$C$19,G$24,F$22,$C$17,$B27,$C$18,G$25) -> 0 | H27: =IF(F27<>0,G27/F27,0) -> 0 | I27: =_xll.DBRW($B$9,$C$16,$C$19,I$24,I$22,$C$17,$B27,$C$18,I$25) -> 0 | J27: =_xll.DBRW($B$9,$C$16,$C$19,J$24,I$22,$C$17,$B27,$C$18,J$25) -> 0 | K27: =IF(I27<>0,J27/I27,0) -> 0 | L27: =_xll.DBRW($B$9,$C$16,$C$19,L$24,L$22,$C$17,$B27,$C$18,L$25) -> 0 | M27: =_xll.DBRW($B$9,$C$16,$C$19,M$24,L$22,$C$17,$B27,$C$18,M$25) -> 0 | N27: =IF(L27<>0,M27/L27,0) -> 0 | O27: =_xll.DBRW($B$9,$C$16,$C$19,O$24,O$22,$C$17,$B27,$C$18,O$25) -> 0 | P27: =_xll.DBRW($B$9,$C$16,$C$19,P$24,O$22,$C$17,$B27,$C$18,P$25) -> 0 | Q27: =IF(O27<>0,P27/O27,0) -> 0 | R27: =_xll.DBRW($B$9,$C$16,$C$19,R$24,R$22,$C$17,$B27,$C$18,R$25) -> 0 | S27: =_xll.DBRW($B$9,$C$16,$C$19,S$24,R$22,$C$17,$B27,$C$18,S$25) -> 0 | T27: =IF(R27<>0,S27/R27,0) -> 0 | U27: =_xll.DBRW($B$9,$C$16,$C$19,U$24,U$22,$C$17,$B27,$C$18,U$25) -> 0 | V27: =_xll.DBRW($B$9,$C$16,$C$19,V$24,U$22,$C$17,$B27,$C$18,V$25) -> 0 | W27: =IF(U27<>0,V27/U27,0) -> 0
A28: =IF(_xll.TM1RPTELISCONSOLIDATED($B$26,$B28),IF(_xll.TM1RPTELLEV($B$26,$B28)<=3,_xll.TM1RPTELLEV($B$26,$B28),"D"),"N") -> 1 | B28: EU + EFTA | C28: =_xll.DBRW($B$9,$C$16,$C$19,C$24,C$22,$C$17,$B28,$C$18,C$25) -> 0 | D28: =_xll.DBRW($B$9,$C$16,$C$19,D$24,C$22,$C$17,$B28,$C$18,D$25) -> 0 | E28: =IF(C28<>0,D28/C28,0) -> 0 | F28: =_xll.DBRW($B$9,$C$16,$C$19,F$24,F$22,$C$17,$B28,$C$18,F$25) -> 0 | G28: =_xll.DBRW($B$9,$C$16,$C$19,G$24,F$22,$C$17,$B28,$C$18,G$25) -> 0 | H28: =IF(F28<>0,G28/F28,0) -> 0 | I28: =_xll.DBRW($B$9,$C$16,$C$19,I$24,I$22,$C$17,$B28,$C$18,I$25) -> 0 | J28: =_xll.DBRW($B$9,$C$16,$C$19,J$24,I$22,$C$17,$B28,$C$18,J$25) -> 0 | K28: =IF(I28<>0,J28/I28,0) -> 0 | L28: =_xll.DBRW($B$9,$C$16,$C$19,L$24,L$22,$C$17,$B28,$C$18,L$25) -> 0 | M28: =_xll.DBRW($B$9,$C$16,$C$19,M$24,L$22,$C$17,$B28,$C$18,M$25) -> 0 | N28: =IF(L28<>0,M28/L28,0) -> 0 | O28: =_xll.DBRW($B$9,$C$16,$C$19,O$24,O$22,$C$17,$B28,$C$18,O$25) -> 0 | P28: =_xll.DBRW($B$9,$C$16,$C$19,P$24,O$22,$C$17,$B28,$C$18,P$25) -> 0 | Q28: =IF(O28<>0,P28/O28,0) -> 0 | R28: =_xll.DBRW($B$9,$C$16,$C$19,R$24,R$22,$C$17,$B28,$C$18,R$25) -> 0 | S28: =_xll.DBRW($B$9,$C$16,$C$19,S$24,R$22,$C$17,$B28,$C$18,S$25) -> 0 | T28: =IF(R28<>0,S28/R28,0) -> 0 | U28: =_xll.DBRW($B$9,$C$16,$C$19,U$24,U$22,$C$17,$B28,$C$18,U$25) -> 0 | V28: =_xll.DBRW($B$9,$C$16,$C$19,V$24,U$22,$C$17,$B28,$C$18,V$25) -> 0 | W28: =IF(U28<>0,V28/U28,0) -> 0
A29: =IF(_xll.TM1RPTELISCONSOLIDATED($B$26,$B29),IF(_xll.TM1RPTELLEV($B$26,$B29)<=3,_xll.TM1RPTELLEV($B$26,$B29),"D"),"N") -> 1 | B29: Eastern Europe | C29: =_xll.DBRW($B$9,$C$16,$C$19,C$24,C$22,$C$17,$B29,$C$18,C$25) -> 0 | D29: =_xll.DBRW($B$9,$C$16,$C$19,D$24,C$22,$C$17,$B29,$C$18,D$25) -> 0 | E29: =IF(C29<>0,D29/C29,0) -> 0 | F29: =_xll.DBRW($B$9,$C$16,$C$19,F$24,F$22,$C$17,$B29,$C$18,F$25) -> 0 | G29: =_xll.DBRW($B$9,$C$16,$C$19,G$24,F$22,$C$17,$B29,$C$18,G$25) -> 0 | H29: =IF(F29<>0,G29/F29,0) -> 0 | I29: =_xll.DBRW($B$9,$C$16,$C$19,I$24,I$22,$C$17,$B29,$C$18,I$25) -> 0 | J29: =_xll.DBRW($B$9,$C$16,$C$19,J$24,I$22,$C$17,$B29,$C$18,J$25) -> 0 | K29: =IF(I29<>0,J29/I29,0) -> 0 | L29: =_xll.DBRW($B$9,$C$16,$C$19,L$24,L$22,$C$17,$B29,$C$18,L$25) -> 0 | M29: =_xll.DBRW($B$9,$C$16,$C$19,M$24,L$22,$C$17,$B29,$C$18,M$25) -> 0 | N29: =IF(L29<>0,M29/L29,0) -> 0 | O29: =_xll.DBRW($B$9,$C$16,$C$19,O$24,O$22,$C$17,$B29,$C$18,O$25) -> 0 | P29: =_xll.DBRW($B$9,$C$16,$C$19,P$24,O$22,$C$17,$B29,$C$18,P$25) -> 0 | Q29: =IF(O29<>0,P29/O29,0) -> 0 | R29: =_xll.DBRW($B$9,$C$16,$C$19,R$24,R$22,$C$17,$B29,$C$18,R$25) -> 0 | S29: =_xll.DBRW($B$9,$C$16,$C$19,S$24,R$22,$C$17,$B29,$C$18,S$25) -> 0 | T29: =IF(R29<>0,S29/R29,0) -> 0 | U29: =_xll.DBRW($B$9,$C$16,$C$19,U$24,U$22,$C$17,$B29,$C$18,U$25) -> 0 | V29: =_xll.DBRW($B$9,$C$16,$C$19,V$24,U$22,$C$17,$B29,$C$18,V$25) -> 0 | W29: =IF(U29<>0,V29/U29,0) -> 0
A30: =IF(_xll.TM1RPTELISCONSOLIDATED($B$26,$B30),IF(_xll.TM1RPTELLEV($B$26,$B30)<=3,_xll.TM1RPTELLEV($B$26,$B30),"D"),"N") -> 1 | B30: North_America | C30: =_xll.DBRW($B$9,$C$16,$C$19,C$24,C$22,$C$17,$B30,$C$18,C$25) -> 0 | D30: =_xll.DBRW($B$9,$C$16,$C$19,D$24,C$22,$C$17,$B30,$C$18,D$25) -> 0 | E30: =IF(C30<>0,D30/C30,0) -> 0 | F30: =_xll.DBRW($B$9,$C$16,$C$19,F$24,F$22,$C$17,$B30,$C$18,F$25) -> 0 | G30: =_xll.DBRW($B$9,$C$16,$C$19,G$24,F$22,$C$17,$B30,$C$18,G$25) -> 0 | H30: =IF(F30<>0,G30/F30,0) -> 0 | I30: =_xll.DBRW($B$9,$C$16,$C$19,I$24,I$22,$C$17,$B30,$C$18,I$25) -> 0 | J30: =_xll.DBRW($B$9,$C$16,$C$19,J$24,I$22,$C$17,$B30,$C$18,J$25) -> 0 | K30: =IF(I30<>0,J30/I30,0) -> 0 | L30: =_xll.DBRW($B$9,$C$16,$C$19,L$24,L$22,$C$17,$B30,$C$18,L$25) -> 0 | M30: =_xll.DBRW($B$9,$C$16,$C$19,M$24,L$22,$C$17,$B30,$C$18,M$25) -> 0 | N30: =IF(L30<>0,M30/L30,0) -> 0 | O30: =_xll.DBRW($B$9,$C$16,$C$19,O$24,O$22,$C$17,$B30,$C$18,O$25) -> 0 | P30: =_xll.DBRW($B$9,$C$16,$C$19,P$24,O$22,$C$17,$B30,$C$18,P$25) -> 0 | Q30: =IF(O30<>0,P30/O30,0) -> 0 | R30: =_xll.DBRW($B$9,$C$16,$C$19,R$24,R$22,$C$17,$B30,$C$18,R$25) -> 0 | S30: =_xll.DBRW($B$9,$C$16,$C$19,S$24,R$22,$C$17,$B30,$C$18,S$25) -> 0 | T30: =IF(R30<>0,S30/R30,0) -> 0 | U30: =_xll.DBRW($B$9,$C$16,$C$19,U$24,U$22,$C$17,$B30,$C$18,U$25) -> 0 | V30: =_xll.DBRW($B$9,$C$16,$C$19,V$24,U$22,$C$17,$B30,$C$18,V$25) -> 0 | W30: =IF(U30<>0,V30/U30,0) -> 0
A31: =IF(_xll.TM1RPTELISCONSOLIDATED($B$26,$B31),IF(_xll.TM1RPTELLEV($B$26,$B31)<=3,_xll.TM1RPTELLEV($B$26,$B31),"D"),"N") -> 1 | B31: South & Central America | C31: =_xll.DBRW($B$9,$C$16,$C$19,C$24,C$22,$C$17,$B31,$C$18,C$25) -> 0 | D31: =_xll.DBRW($B$9,$C$16,$C$19,D$24,C$22,$C$17,$B31,$C$18,D$25) -> 0 | E31: =IF(C31<>0,D31/C31,0) -> 0 | F31: =_xll.DBRW($B$9,$C$16,$C$19,F$24,F$22,$C$17,$B31,$C$18,F$25) -> 0 | G31: =_xll.DBRW($B$9,$C$16,$C$19,G$24,F$22,$C$17,$B31,$C$18,G$25) -> 2032 | H31: =IF(F31<>0,G31/F31,0) -> 0 | I31: =_xll.DBRW($B$9,$C$16,$C$19,I$24,I$22,$C$17,$B31,$C$18,I$25) -> 0 | J31: =_xll.DBRW($B$9,$C$16,$C$19,J$24,I$22,$C$17,$B31,$C$18,J$25) -> 0 | K31: =IF(I31<>0,J31/I31,0) -> 0 | L31: =_xll.DBRW($B$9,$C$16,$C$19,L$24,L$22,$C$17,$B31,$C$18,L$25) -> 0 | M31: =_xll.DBRW($B$9,$C$16,$C$19,M$24,L$22,$C$17,$B31,$C$18,M$25) -> 0 | N31: =IF(L31<>0,M31/L31,0) -> 0 | O31: =_xll.DBRW($B$9,$C$16,$C$19,O$24,O$22,$C$17,$B31,$C$18,O$25) -> 0 | P31: =_xll.DBRW($B$9,$C$16,$C$19,P$24,O$22,$C$17,$B31,$C$18,P$25) -> 0 | Q31: =IF(O31<>0,P31/O31,0) -> 0 | R31: =_xll.DBRW($B$9,$C$16,$C$19,R$24,R$22,$C$17,$B31,$C$18,R$25) -> 0 | S31: =_xll.DBRW($B$9,$C$16,$C$19,S$24,R$22,$C$17,$B31,$C$18,S$25) -> 0 | T31: =IF(R31<>0,S31/R31,0) -> 0 | U31: =_xll.DBRW($B$9,$C$16,$C$19,U$24,U$22,$C$17,$B31,$C$18,U$25) -> 0 | V31: =_xll.DBRW($B$9,$C$16,$C$19,V$24,U$22,$C$17,$B31,$C$18,V$25) -> 0 | W31: =IF(U31<>0,V31/U31,0) -> 0
A32: =IF(_xll.TM1RPTELISCONSOLIDATED($B$26,$B32),IF(_xll.TM1RPTELLEV($B$26,$B32)<=3,_xll.TM1RPTELLEV($B$26,$B32),"D"),"N") -> 1 | B32: Asia | C32: =_xll.DBRW($B$9,$C$16,$C$19,C$24,C$22,$C$17,$B32,$C$18,C$25) -> 0 | D32: =_xll.DBRW($B$9,$C$16,$C$19,D$24,C$22,$C$17,$B32,$C$18,D$25) -> 0 | E32: =IF(C32<>0,D32/C32,0) -> 0 | F32: =_xll.DBRW($B$9,$C$16,$C$19,F$24,F$22,$C$17,$B32,$C$18,F$25) -> 0 | G32: =_xll.DBRW($B$9,$C$16,$C$19,G$24,F$22,$C$17,$B32,$C$18,G$25) -> 0 | H32: =IF(F32<>0,G32/F32,0) -> 0 | I32: =_xll.DBRW($B$9,$C$16,$C$19,I$24,I$22,$C$17,$B32,$C$18,I$25) -> 0 | J32: =_xll.DBRW($B$9,$C$16,$C$19,J$24,I$22,$C$17,$B32,$C$18,J$25) -> 0 | K32: =IF(I32<>0,J32/I32,0) -> 0 | L32: =_xll.DBRW($B$9,$C$16,$C$19,L$24,L$22,$C$17,$B32,$C$18,L$25) -> 0 | M32: =_xll.DBRW($B$9,$C$16,$C$19,M$24,L$22,$C$17,$B32,$C$18,M$25) -> 0 | N32: =IF(L32<>0,M32/L32,0) -> 0 | O32: =_xll.DBRW($B$9,$C$16,$C$19,O$24,O$22,$C$17,$B32,$C$18,O$25) -> 0 | P32: =_xll.DBRW($B$9,$C$16,$C$19,P$24,O$22,$C$17,$B32,$C$18,P$25) -> 0 | Q32: =IF(O32<>0,P32/O32,0) -> 0 | R32: =_xll.DBRW($B$9,$C$16,$C$19,R$24,R$22,$C$17,$B32,$C$18,R$25) -> 0 | S32: =_xll.DBRW($B$9,$C$16,$C$19,S$24,R$22,$C$17,$B32,$C$18,S$25) -> 0 | T32: =IF(R32<>0,S32/R32,0) -> 0 | U32: =_xll.DBRW($B$9,$C$16,$C$19,U$24,U$22,$C$17,$B32,$C$18,U$25) -> 0 | V32: =_xll.DBRW($B$9,$C$16,$C$19,V$24,U$22,$C$17,$B32,$C$18,V$25) -> 0 | W32: =IF(U32<>0,V32/U32,0) -> 0
A33: =IF(_xll.TM1RPTELISCONSOLIDATED($B$26,$B33),IF(_xll.TM1RPTELLEV($B$26,$B33)<=3,_xll.TM1RPTELLEV($B$26,$B33),"D"),"N") -> 1 | B33: Oceania | C33: =_xll.DBRW($B$9,$C$16,$C$19,C$24,C$22,$C$17,$B33,$C$18,C$25) -> 0 | D33: =_xll.DBRW($B$9,$C$16,$C$19,D$24,C$22,$C$17,$B33,$C$18,D$25) -> 0 | E33: =IF(C33<>0,D33/C33,0) -> 0 | F33: =_xll.DBRW($B$9,$C$16,$C$19,F$24,F$22,$C$17,$B33,$C$18,F$25) -> 0 | G33: =_xll.DBRW($B$9,$C$16,$C$19,G$24,F$22,$C$17,$B33,$C$18,G$25) -> 0 | H33: =IF(F33<>0,G33/F33,0) -> 0 | I33: =_xll.DBRW($B$9,$C$16,$C$19,I$24,I$22,$C$17,$B33,$C$18,I$25) -> 0 | J33: =_xll.DBRW($B$9,$C$16,$C$19,J$24,I$22,$C$17,$B33,$C$18,J$25) -> 0 | K33: =IF(I33<>0,J33/I33,0) -> 0 | L33: =_xll.DBRW($B$9,$C$16,$C$19,L$24,L$22,$C$17,$B33,$C$18,L$25) -> 0 | M33: =_xll.DBRW($B$9,$C$16,$C$19,M$24,L$22,$C$17,$B33,$C$18,M$25) -> 0 | N33: =IF(L33<>0,M33/L33,0) -> 0 | O33: =_xll.DBRW($B$9,$C$16,$C$19,O$24,O$22,$C$17,$B33,$C$18,O$25) -> 0 | P33: =_xll.DBRW($B$9,$C$16,$C$19,P$24,O$22,$C$17,$B33,$C$18,P$25) -> 0 | Q33: =IF(O33<>0,P33/O33,0) -> 0 | R33: =_xll.DBRW($B$9,$C$16,$C$19,R$24,R$22,$C$17,$B33,$C$18,R$25) -> 0 | S33: =_xll.DBRW($B$9,$C$16,$C$19,S$24,R$22,$C$17,$B33,$C$18,S$25) -> 0 | T33: =IF(R33<>0,S33/R33,0) -> 0 | U33: =_xll.DBRW($B$9,$C$16,$C$19,U$24,U$22,$C$17,$B33,$C$18,U$25) -> 0 | V33: =_xll.DBRW($B$9,$C$16,$C$19,V$24,U$22,$C$17,$B33,$C$18,V$25) -> 0 | W33: =IF(U33<>0,V33/U33,0) -> 0
A34: =IF(_xll.TM1RPTELISCONSOLIDATED($B$26,$B34),IF(_xll.TM1RPTELLEV($B$26,$B34)<=3,_xll.TM1RPTELLEV($B$26,$B34),"D"),"N") -> 1 | B34: Others | C34: =_xll.DBRW($B$9,$C$16,$C$19,C$24,C$22,$C$17,$B34,$C$18,C$25) -> 0 | D34: =_xll.DBRW($B$9,$C$16,$C$19,D$24,C$22,$C$17,$B34,$C$18,D$25) -> 0 | E34: =IF(C34<>0,D34/C34,0) -> 0 | F34: =_xll.DBRW($B$9,$C$16,$C$19,F$24,F$22,$C$17,$B34,$C$18,F$25) -> 0 | G34: =_xll.DBRW($B$9,$C$16,$C$19,G$24,F$22,$C$17,$B34,$C$18,G$25) -> 0 | H34: =IF(F34<>0,G34/F34,0) -> 0 | I34: =_xll.DBRW($B$9,$C$16,$C$19,I$24,I$22,$C$17,$B34,$C$18,I$25) -> 0 | J34: =_xll.DBRW($B$9,$C$16,$C$19,J$24,I$22,$C$17,$B34,$C$18,J$25) -> 0 | K34: =IF(I34<>0,J34/I34,0) -> 0 | L34: =_xll.DBRW($B$9,$C$16,$C$19,L$24,L$22,$C$17,$B34,$C$18,L$25) -> 0 | M34: =_xll.DBRW($B$9,$C$16,$C$19,M$24,L$22,$C$17,$B34,$C$18,M$25) -> 0 | N34: =IF(L34<>0,M34/L34,0) -> 0 | O34: =_xll.DBRW($B$9,$C$16,$C$19,O$24,O$22,$C$17,$B34,$C$18,O$25) -> 0 | P34: =_xll.DBRW($B$9,$C$16,$C$19,P$24,O$22,$C$17,$B34,$C$18,P$25) -> 0 | Q34: =IF(O34<>0,P34/O34,0) -> 0 | R34: =_xll.DBRW($B$9,$C$16,$C$19,R$24,R$22,$C$17,$B34,$C$18,R$25) -> 0 | S34: =_xll.DBRW($B$9,$C$16,$C$19,S$24,R$22,$C$17,$B34,$C$18,S$25) -> 0 | T34: =IF(R34<>0,S34/R34,0) -> 0 | U34: =_xll.DBRW($B$9,$C$16,$C$19,U$24,U$22,$C$17,$B34,$C$18,U$25) -> 0 | V34: =_xll.DBRW($B$9,$C$16,$C$19,V$24,U$22,$C$17,$B34,$C$18,V$25) -> 0 | W34: =IF(U34<>0,V34/U34,0) -> 0

Sheet Unit Price
A1: [Begin Format Range]
A2: =0 -> 0
A3: =1 -> 1
A4: =2 -> 2
A5: =3 -> 3
A6: D
A7: N
A8: [End Format Range]
B9: =_xll.TM1RPTVIEW("CXMD:OTC_DATA_MARKET_ANALYSIS:ARPT1", 0, _xll.TM1RPTTITLE("CXMD:Currency",$C$16), _xll.TM1RPTTITLE("CXMD:DIM_Prev_IC_mapping",$C$19), _xll.TM1RPTTITLE("CXMD:DIM_Origin_Company",$C$17), _xll.TM1RPTTITLE("CXMD:DIM_Configuration",$C$18),TM1RPTFMTRNG,TM1RPTFMTIDCOL) -> CXMD:OTC_DATA_MARKET_ANALYSIS:ARPT1
B16: Currency | C16: =QTY!C16 -> Local currency | K16: Copy of the unit price (use always local currency) | L16: Actuality | M16: =_xll.SUBNM("CXMD:Actuality","Market_Share_Current_Actuality","Total_Actuals","Description EN") -> Total_Actuals
B17: Origin_Company | C17: =QTY!C17 -> Not available | L17: Market Actor | M17: =_xll.SUBNM("CXMD:Market_Actor","Market_Actor_Filter","Global_Market","Description") -> Global_Market
B18: Configuration | C18: =QTY!C18 -> TOTAL PRODUCT | L18: Country | M18: =_xll.SUBNM("CXMD:DIM_Country","Total Country SOM","Total Country SOM","Description") -> Total Country SOM
B19: Prev_IC_mapping | C19: =QTY!C19 -> 99 - Kuhn Group | L19: Global Unit Price : | M19: 0
C24: =QTY!C22 -> AC2019 | F24: =QTY!F22 -> AC2020 | I24: =QTY!I22 -> AC2021 | L24: =QTY!L22 -> AC2022 | O24: =QTY!O22 -> AC2023 | R24: =QTY!R22 -> BU2024draft | U24: =QTY!U22 -> PL2025 (update 2023)
C26: =QTY!C24 -> KUHN_Scope | D26: =QTY!D24 -> KUHN Sales | E26: % | F26: =QTY!F24 -> KUHN_Scope | G26: =QTY!G24 -> KUHN Sales | H26: % | I26: =QTY!I24 -> KUHN_Scope | J26: =QTY!J24 -> KUHN Sales | K26: % | L26: =QTY!L24 -> KUHN_Scope | M26: =QTY!M24 -> KUHN Sales | N26: % | O26: =QTY!O24 -> KUHN_Scope | P26: =QTY!P24 -> KUHN Sales | Q26: % | R26: =QTY!R24 -> KUHN_Scope | S26: =QTY!S24 -> KUHN Sales | T26: % | U26: =QTY!U24 -> KUHN_Scope | V26: =QTY!V24 -> KUHN Sales | W26: %
C27: Unit.Price | D27: Unit.Price | F27: Unit.Price | G27: Unit.Price | I27: Unit.Price | J27: Unit.Price | L27: Unit.Price | M27: Unit.Price | O27: Unit.Price | P27: Unit.Price | R27: Unit.Price | S27: Unit.Price | U27: Unit.Price | V27: Unit.Price
A28: =IF(_xll.TM1RPTELISCONSOLIDATED($B$28,$B28),IF(_xll.TM1RPTELLEV($B$28,$B28)<=3,_xll.TM1RPTELLEV($B$28,$B28),"D"),"N") -> N | B28: =_xll.TM1RPTROW($B$9,"CXMD:DIM_Country","Total Country SOM","","Description",0) -> Total Country SOM | C28: =_xll.DBRW($B$9,$C$16,$C$19,C$26,C$24,$C$17,$B28,$C$18,C$27) -> 0 | D28: =_xll.DBRW($B$9,$C$16,$C$19,D$26,C$24,$C$17,$B28,$C$18,D$27) -> 0 | E28: =IF(C28<>0,D28/C28,0) -> 0 | F28: =_xll.DBRW($B$9,$C$16,$C$19,F$26,F$24,$C$17,$B28,$C$18,F$27) -> 0 | G28: =_xll.DBRW($B$9,$C$16,$C$19,G$26,F$24,$C$17,$B28,$C$18,G$27) -> 0 | H28: =IF(F28<>0,G28/F28,0) -> 0 | I28: =_xll.DBRW($B$9,$C$16,$C$19,I$26,I$24,$C$17,$B28,$C$18,I$27) -> 0 | J28: =_xll.DBRW($B$9,$C$16,$C$19,J$26,I$24,$C$17,$B28,$C$18,J$27) -> 0 | K28: =IF(I28<>0,J28/I28,0) -> 0 | L28: =_xll.DBRW($B$9,$C$16,$C$19,L$26,L$24,$C$17,$B28,$C$18,L$27) -> 0 | M28: =_xll.DBRW($B$9,$C$16,$C$19,M$26,L$24,$C$17,$B28,$C$18,M$27) -> 0 | N28: =IF(L28<>0,M28/L28,0) -> 0 | O28: =_xll.DBRW($B$9,$C$16,$C$19,O$26,O$24,$C$17,$B28,$C$18,O$27) -> 0 | P28: =_xll.DBRW($B$9,$C$16,$C$19,P$26,O$24,$C$17,$B28,$C$18,P$27) -> 0 | Q28: =IF(O28<>0,P28/O28,0) -> 0 | R28: =_xll.DBRW($B$9,$C$16,$C$19,R$26,R$24,$C$17,$B28,$C$18,R$27) -> 0 | S28: =_xll.DBRW($B$9,$C$16,$C$19,S$26,R$24,$C$17,$B28,$C$18,S$27) -> 0 | T28: =IF(R28<>0,S28/R28,0) -> 0 | U28: =_xll.DBRW($B$9,$C$16,$C$19,U$26,U$24,$C$17,$B28,$C$18,U$27) -> 0 | V28: =_xll.DBRW($B$9,$C$16,$C$19,V$26,U$24,$C$17,$B28,$C$18,V$27) -> 0 | W28: =IF(U28<>0,V28/U28,0) -> 0
A29: =IF(_xll.TM1RPTELISCONSOLIDATED($B$28,$B29),IF(_xll.TM1RPTELLEV($B$28,$B29)<=3,_xll.TM1RPTELLEV($B$28,$B29),"D"),"N") -> 1 | B29: France + DOM | C29: =_xll.DBRW($B$9,$C$16,$C$19,C$26,C$24,$C$17,$B29,$C$18,C$27) -> 0 | D29: =_xll.DBRW($B$9,$C$16,$C$19,D$26,C$24,$C$17,$B29,$C$18,D$27) -> 0 | E29: =IF(C29<>0,D29/C29,0) -> 0 | F29: =_xll.DBRW($B$9,$C$16,$C$19,F$26,F$24,$C$17,$B29,$C$18,F$27) -> 0 | G29: =_xll.DBRW($B$9,$C$16,$C$19,G$26,F$24,$C$17,$B29,$C$18,G$27) -> 0 | H29: =IF(F29<>0,G29/F29,0) -> 0 | I29: =_xll.DBRW($B$9,$C$16,$C$19,I$26,I$24,$C$17,$B29,$C$18,I$27) -> 0 | J29: =_xll.DBRW($B$9,$C$16,$C$19,J$26,I$24,$C$17,$B29,$C$18,J$27) -> 0 | K29: =IF(I29<>0,J29/I29,0) -> 0 | L29: =_xll.DBRW($B$9,$C$16,$C$19,L$26,L$24,$C$17,$B29,$C$18,L$27) -> 0 | M29: =_xll.DBRW($B$9,$C$16,$C$19,M$26,L$24,$C$17,$B29,$C$18,M$27) -> 0 | N29: =IF(L29<>0,M29/L29,0) -> 0 | O29: =_xll.DBRW($B$9,$C$16,$C$19,O$26,O$24,$C$17,$B29,$C$18,O$27) -> 0 | P29: =_xll.DBRW($B$9,$C$16,$C$19,P$26,O$24,$C$17,$B29,$C$18,P$27) -> 0 | Q29: =IF(O29<>0,P29/O29,0) -> 0 | R29: =_xll.DBRW($B$9,$C$16,$C$19,R$26,R$24,$C$17,$B29,$C$18,R$27) -> 0 | S29: =_xll.DBRW($B$9,$C$16,$C$19,S$26,R$24,$C$17,$B29,$C$18,S$27) -> 0 | T29: =IF(R29<>0,S29/R29,0) -> 0 | U29: =_xll.DBRW($B$9,$C$16,$C$19,U$26,U$24,$C$17,$B29,$C$18,U$27) -> 0 | V29: =_xll.DBRW($B$9,$C$16,$C$19,V$26,U$24,$C$17,$B29,$C$18,V$27) -> 0 | W29: =IF(U29<>0,V29/U29,0) -> 0
A30: =IF(_xll.TM1RPTELISCONSOLIDATED($B$28,$B30),IF(_xll.TM1RPTELLEV($B$28,$B30)<=3,_xll.TM1RPTELLEV($B$28,$B30),"D"),"N") -> 1 | B30: EU + EFTA | C30: =_xll.DBRW($B$9,$C$16,$C$19,C$26,C$24,$C$17,$B30,$C$18,C$27) -> 0 | D30: =_xll.DBRW($B$9,$C$16,$C$19,D$26,C$24,$C$17,$B30,$C$18,D$27) -> 0 | E30: =IF(C30<>0,D30/C30,0) -> 0 | F30: =_xll.DBRW($B$9,$C$16,$C$19,F$26,F$24,$C$17,$B30,$C$18,F$27) -> 0 | G30: =_xll.DBRW($B$9,$C$16,$C$19,G$26,F$24,$C$17,$B30,$C$18,G$27) -> 0 | H30: =IF(F30<>0,G30/F30,0) -> 0 | I30: =_xll.DBRW($B$9,$C$16,$C$19,I$26,I$24,$C$17,$B30,$C$18,I$27) -> 0 | J30: =_xll.DBRW($B$9,$C$16,$C$19,J$26,I$24,$C$17,$B30,$C$18,J$27) -> 0 | K30: =IF(I30<>0,J30/I30,0) -> 0 | L30: =_xll.DBRW($B$9,$C$16,$C$19,L$26,L$24,$C$17,$B30,$C$18,L$27) -> 0 | M30: =_xll.DBRW($B$9,$C$16,$C$19,M$26,L$24,$C$17,$B30,$C$18,M$27) -> 0 | N30: =IF(L30<>0,M30/L30,0) -> 0 | O30: =_xll.DBRW($B$9,$C$16,$C$19,O$26,O$24,$C$17,$B30,$C$18,O$27) -> 0 | P30: =_xll.DBRW($B$9,$C$16,$C$19,P$26,O$24,$C$17,$B30,$C$18,P$27) -> 0 | Q30: =IF(O30<>0,P30/O30,0) -> 0 | R30: =_xll.DBRW($B$9,$C$16,$C$19,R$26,R$24,$C$17,$B30,$C$18,R$27) -> 0 | S30: =_xll.DBRW($B$9,$C$16,$C$19,S$26,R$24,$C$17,$B30,$C$18,S$27) -> 0 | T30: =IF(R30<>0,S30/R30,0) -> 0 | U30: =_xll.DBRW($B$9,$C$16,$C$19,U$26,U$24,$C$17,$B30,$C$18,U$27) -> 0 | V30: =_xll.DBRW($B$9,$C$16,$C$19,V$26,U$24,$C$17,$B30,$C$18,V$27) -> 0 | W30: =IF(U30<>0,V30/U30,0) -> 0
A31: =IF(_xll.TM1RPTELISCONSOLIDATED($B$28,$B31),IF(_xll.TM1RPTELLEV($B$28,$B31)<=3,_xll.TM1RPTELLEV($B$28,$B31),"D"),"N") -> 1 | B31: Eastern Europe | C31: =_xll.DBRW($B$9,$C$16,$C$19,C$26,C$24,$C$17,$B31,$C$18,C$27) -> 0 | D31: =_xll.DBRW($B$9,$C$16,$C$19,D$26,C$24,$C$17,$B31,$C$18,D$27) -> 0 | E31: =IF(C31<>0,D31/C31,0) -> 0 | F31: =_xll.DBRW($B$9,$C$16,$C$19,F$26,F$24,$C$17,$B31,$C$18,F$27) -> 0 | G31: =_xll.DBRW($B$9,$C$16,$C$19,G$26,F$24,$C$17,$B31,$C$18,G$27) -> 0 | H31: =IF(F31<>0,G31/F31,0) -> 0 | I31: =_xll.DBRW($B$9,$C$16,$C$19,I$26,I$24,$C$17,$B31,$C$18,I$27) -> 0 | J31: =_xll.DBRW($B$9,$C$16,$C$19,J$26,I$24,$C$17,$B31,$C$18,J$27) -> 0 | K31: =IF(I31<>0,J31/I31,0) -> 0 | L31: =_xll.DBRW($B$9,$C$16,$C$19,L$26,L$24,$C$17,$B31,$C$18,L$27) -> 0 | M31: =_xll.DBRW($B$9,$C$16,$C$19,M$26,L$24,$C$17,$B31,$C$18,M$27) -> 0 | N31: =IF(L31<>0,M31/L31,0) -> 0 | O31: =_xll.DBRW($B$9,$C$16,$C$19,O$26,O$24,$C$17,$B31,$C$18,O$27) -> 0 | P31: =_xll.DBRW($B$9,$C$16,$C$19,P$26,O$24,$C$17,$B31,$C$18,P$27) -> 0 | Q31: =IF(O31<>0,P31/O31,0) -> 0 | R31: =_xll.DBRW($B$9,$C$16,$C$19,R$26,R$24,$C$17,$B31,$C$18,R$27) -> 0 | S31: =_xll.DBRW($B$9,$C$16,$C$19,S$26,R$24,$C$17,$B31,$C$18,S$27) -> 0 | T31: =IF(R31<>0,S31/R31,0) -> 0 | U31: =_xll.DBRW($B$9,$C$16,$C$19,U$26,U$24,$C$17,$B31,$C$18,U$27) -> 0 | V31: =_xll.DBRW($B$9,$C$16,$C$19,V$26,U$24,$C$17,$B31,$C$18,V$27) -> 0 | W31: =IF(U31<>0,V31/U31,0) -> 0
A32: =IF(_xll.TM1RPTELISCONSOLIDATED($B$28,$B32),IF(_xll.TM1RPTELLEV($B$28,$B32)<=3,_xll.TM1RPTELLEV($B$28,$B32),"D"),"N") -> 1 | B32: North_America | C32: =_xll.DBRW($B$9,$C$16,$C$19,C$26,C$24,$C$17,$B32,$C$18,C$27) -> 0 | D32: =_xll.DBRW($B$9,$C$16,$C$19,D$26,C$24,$C$17,$B32,$C$18,D$27) -> 0 | E32: =IF(C32<>0,D32/C32,0) -> 0 | F32: =_xll.DBRW($B$9,$C$16,$C$19,F$26,F$24,$C$17,$B32,$C$18,F$27) -> 0 | G32: =_xll.DBRW($B$9,$C$16,$C$19,G$26,F$24,$C$17,$B32,$C$18,G$27) -> 0 | H32: =IF(F32<>0,G32/F32,0) -> 0 | I32: =_xll.DBRW($B$9,$C$16,$C$19,I$26,I$24,$C$17,$B32,$C$18,I$27) -> 0 | J32: =_xll.DBRW($B$9,$C$16,$C$19,J$26,I$24,$C$17,$B32,$C$18,J$27) -> 0 | K32: =IF(I32<>0,J32/I32,0) -> 0 | L32: =_xll.DBRW($B$9,$C$16,$C$19,L$26,L$24,$C$17,$B32,$C$18,L$27) -> 0 | M32: =_xll.DBRW($B$9,$C$16,$C$19,M$26,L$24,$C$17,$B32,$C$18,M$27) -> 0 | N32: =IF(L32<>0,M32/L32,0) -> 0 | O32: =_xll.DBRW($B$9,$C$16,$C$19,O$26,O$24,$C$17,$B32,$C$18,O$27) -> 0 | P32: =_xll.DBRW($B$9,$C$16,$C$19,P$26,O$24,$C$17,$B32,$C$18,P$27) -> 0 | Q32: =IF(O32<>0,P32/O32,0) -> 0 | R32: =_xll.DBRW($B$9,$C$16,$C$19,R$26,R$24,$C$17,$B32,$C$18,R$27) -> 0 | S32: =_xll.DBRW($B$9,$C$16,$C$19,S$26,R$24,$C$17,$B32,$C$18,S$27) -> 0 | T32: =IF(R32<>0,S32/R32,0) -> 0 | U32: =_xll.DBRW($B$9,$C$16,$C$19,U$26,U$24,$C$17,$B32,$C$18,U$27) -> 0 | V32: =_xll.DBRW($B$9,$C$16,$C$19,V$26,U$24,$C$17,$B32,$C$18,V$27) -> 0 | W32: =IF(U32<>0,V32/U32,0) -> 0
A33: =IF(_xll.TM1RPTELISCONSOLIDATED($B$28,$B33),IF(_xll.TM1RPTELLEV($B$28,$B33)<=3,_xll.TM1RPTELLEV($B$28,$B33),"D"),"N") -> 1 | B33: South & Central America | C33: =_xll.DBRW($B$9,$C$16,$C$19,C$26,C$24,$C$17,$B33,$C$18,C$27) -> 0 | D33: =_xll.DBRW($B$9,$C$16,$C$19,D$26,C$24,$C$17,$B33,$C$18,D$27) -> 0 | E33: =IF(C33<>0,D33/C33,0) -> 0 | F33: =_xll.DBRW($B$9,$C$16,$C$19,F$26,F$24,$C$17,$B33,$C$18,F$27) -> 0 | G33: =_xll.DBRW($B$9,$C$16,$C$19,G$26,F$24,$C$17,$B33,$C$18,G$27) -> 0 | H33: =IF(F33<>0,G33/F33,0) -> 0 | I33: =_xll.DBRW($B$9,$C$16,$C$19,I$26,I$24,$C$17,$B33,$C$18,I$27) -> 0 | J33: =_xll.DBRW($B$9,$C$16,$C$19,J$26,I$24,$C$17,$B33,$C$18,J$27) -> 0 | K33: =IF(I33<>0,J33/I33,0) -> 0 | L33: =_xll.DBRW($B$9,$C$16,$C$19,L$26,L$24,$C$17,$B33,$C$18,L$27) -> 0 | M33: =_xll.DBRW($B$9,$C$16,$C$19,M$26,L$24,$C$17,$B33,$C$18,M$27) -> 0 | N33: =IF(L33<>0,M33/L33,0) -> 0 | O33: =_xll.DBRW($B$9,$C$16,$C$19,O$26,O$24,$C$17,$B33,$C$18,O$27) -> 0 | P33: =_xll.DBRW($B$9,$C$16,$C$19,P$26,O$24,$C$17,$B33,$C$18,P$27) -> 0 | Q33: =IF(O33<>0,P33/O33,0) -> 0 | R33: =_xll.DBRW($B$9,$C$16,$C$19,R$26,R$24,$C$17,$B33,$C$18,R$27) -> 0 | S33: =_xll.DBRW($B$9,$C$16,$C$19,S$26,R$24,$C$17,$B33,$C$18,S$27) -> 0 | T33: =IF(R33<>0,S33/R33,0) -> 0 | U33: =_xll.DBRW($B$9,$C$16,$C$19,U$26,U$24,$C$17,$B33,$C$18,U$27) -> 0 | V33: =_xll.DBRW($B$9,$C$16,$C$19,V$26,U$24,$C$17,$B33,$C$18,V$27) -> 0 | W33: =IF(U33<>0,V33/U33,0) -> 0
A34: =IF(_xll.TM1RPTELISCONSOLIDATED($B$28,$B34),IF(_xll.TM1RPTELLEV($B$28,$B34)<=3,_xll.TM1RPTELLEV($B$28,$B34),"D"),"N") -> 1 | B34: Asia | C34: =_xll.DBRW($B$9,$C$16,$C$19,C$26,C$24,$C$17,$B34,$C$18,C$27) -> 0 | D34: =_xll.DBRW($B$9,$C$16,$C$19,D$26,C$24,$C$17,$B34,$C$18,D$27) -> 0 | E34: =IF(C34<>0,D34/C34,0) -> 0 | F34: =_xll.DBRW($B$9,$C$16,$C$19,F$26,F$24,$C$17,$B34,$C$18,F$27) -> 0 | G34: =_xll.DBRW($B$9,$C$16,$C$19,G$26,F$24,$C$17,$B34,$C$18,G$27) -> 0 | H34: =IF(F34<>0,G34/F34,0) -> 0 | I34: =_xll.DBRW($B$9,$C$16,$C$19,I$26,I$24,$C$17,$B34,$C$18,I$27) -> 0 | J34: =_xll.DBRW($B$9,$C$16,$C$19,J$26,I$24,$C$17,$B34,$C$18,J$27) -> 0 | K34: =IF(I34<>0,J34/I34,0) -> 0 | L34: =_xll.DBRW($B$9,$C$16,$C$19,L$26,L$24,$C$17,$B34,$C$18,L$27) -> 0 | M34: =_xll.DBRW($B$9,$C$16,$C$19,M$26,L$24,$C$17,$B34,$C$18,M$27) -> 0 | N34: =IF(L34<>0,M34/L34,0) -> 0 | O34: =_xll.DBRW($B$9,$C$16,$C$19,O$26,O$24,$C$17,$B34,$C$18,O$27) -> 0 | P34: =_xll.DBRW($B$9,$C$16,$C$19,P$26,O$24,$C$17,$B34,$C$18,P$27) -> 0 | Q34: =IF(O34<>0,P34/O34,0) -> 0 | R34: =_xll.DBRW($B$9,$C$16,$C$19,R$26,R$24,$C$17,$B34,$C$18,R$27) -> 0 | S34: =_xll.DBRW($B$9,$C$16,$C$19,S$26,R$24,$C$17,$B34,$C$18,S$27) -> 0 | T34: =IF(R34<>0,S34/R34,0) -> 0 | U34: =_xll.DBRW($B$9,$C$16,$C$19,U$26,U$24,$C$17,$B34,$C$18,U$27) -> 0 | V34: =_xll.DBRW($B$9,$C$16,$C$19,V$26,U$24,$C$17,$B34,$C$18,V$27) -> 0 | W34: =IF(U34<>0,V34/U34,0) -> 0
A35: =IF(_xll.TM1RPTELISCONSOLIDATED($B$28,$B35),IF(_xll.TM1RPTELLEV($B$28,$B35)<=3,_xll.TM1RPTELLEV($B$28,$B35),"D"),"N") -> 1 | B35: Oceania | C35: =_xll.DBRW($B$9,$C$16,$C$19,C$26,C$24,$C$17,$B35,$C$18,C$27) -> 0 | D35: =_xll.DBRW($B$9,$C$16,$C$19,D$26,C$24,$C$17,$B35,$C$18,D$27) -> 0 | E35: =IF(C35<>0,D35/C35,0) -> 0 | F35: =_xll.DBRW($B$9,$C$16,$C$19,F$26,F$24,$C$17,$B35,$C$18,F$27) -> 0 | G35: =_xll.DBRW($B$9,$C$16,$C$19,G$26,F$24,$C$17,$B35,$C$18,G$27) -> 0 | H35: =IF(F35<>0,G35/F35,0) -> 0 | I35: =_xll.DBRW($B$9,$C$16,$C$19,I$26,I$24,$C$17,$B35,$C$18,I$27) -> 0 | J35: =_xll.DBRW($B$9,$C$16,$C$19,J$26,I$24,$C$17,$B35,$C$18,J$27) -> 0 | K35: =IF(I35<>0,J35/I35,0) -> 0 | L35: =_xll.DBRW($B$9,$C$16,$C$19,L$26,L$24,$C$17,$B35,$C$18,L$27) -> 0 | M35: =_xll.DBRW($B$9,$C$16,$C$19,M$26,L$24,$C$17,$B35,$C$18,M$27) -> 0 | N35: =IF(L35<>0,M35/L35,0) -> 0 | O35: =_xll.DBRW($B$9,$C$16,$C$19,O$26,O$24,$C$17,$B35,$C$18,O$27) -> 0 | P35: =_xll.DBRW($B$9,$C$16,$C$19,P$26,O$24,$C$17,$B35,$C$18,P$27) -> 0 | Q35: =IF(O35<>0,P35/O35,0) -> 0 | R35: =_xll.DBRW($B$9,$C$16,$C$19,R$26,R$24,$C$17,$B35,$C$18,R$27) -> 0 | S35: =_xll.DBRW($B$9,$C$16,$C$19,S$26,R$24,$C$17,$B35,$C$18,S$27) -> 0 | T35: =IF(R35<>0,S35/R35,0) -> 0 | U35: =_xll.DBRW($B$9,$C$16,$C$19,U$26,U$24,$C$17,$B35,$C$18,U$27) -> 0 | V35: =_xll.DBRW($B$9,$C$16,$C$19,V$26,U$24,$C$17,$B35,$C$18,V$27) -> 0 | W35: =IF(U35<>0,V35/U35,0) -> 0
A36: =IF(_xll.TM1RPTELISCONSOLIDATED($B$28,$B36),IF(_xll.TM1RPTELLEV($B$28,$B36)<=3,_xll.TM1RPTELLEV($B$28,$B36),"D"),"N") -> 1 | B36: Others | C36: =_xll.DBRW($B$9,$C$16,$C$19,C$26,C$24,$C$17,$B36,$C$18,C$27) -> 0 | D36: =_xll.DBRW($B$9,$C$16,$C$19,D$26,C$24,$C$17,$B36,$C$18,D$27) -> 0 | E36: =IF(C36<>0,D36/C36,0) -> 0 | F36: =_xll.DBRW($B$9,$C$16,$C$19,F$26,F$24,$C$17,$B36,$C$18,F$27) -> 0 | G36: =_xll.DBRW($B$9,$C$16,$C$19,G$26,F$24,$C$17,$B36,$C$18,G$27) -> 0 | H36: =IF(F36<>0,G36/F36,0) -> 0 | I36: =_xll.DBRW($B$9,$C$16,$C$19,I$26,I$24,$C$17,$B36,$C$18,I$27) -> 0 | J36: =_xll.DBRW($B$9,$C$16,$C$19,J$26,I$24,$C$17,$B36,$C$18,J$27) -> 0 | K36: =IF(I36<>0,J36/I36,0) -> 0 | L36: =_xll.DBRW($B$9,$C$16,$C$19,L$26,L$24,$C$17,$B36,$C$18,L$27) -> 0 | M36: =_xll.DBRW($B$9,$C$16,$C$19,M$26,L$24,$C$17,$B36,$C$18,M$27) -> 0 | N36: =IF(L36<>0,M36/L36,0) -> 0 | O36: =_xll.DBRW($B$9,$C$16,$C$19,O$26,O$24,$C$17,$B36,$C$18,O$27) -> 0 | P36: =_xll.DBRW($B$9,$C$16,$C$19,P$26,O$24,$C$17,$B36,$C$18,P$27) -> 0 | Q36: =IF(O36<>0,P36/O36,0) -> 0 | R36: =_xll.DBRW($B$9,$C$16,$C$19,R$26,R$24,$C$17,$B36,$C$18,R$27) -> 0 | S36: =_xll.DBRW($B$9,$C$16,$C$19,S$26,R$24,$C$17,$B36,$C$18,S$27) -> 0 | T36: =IF(R36<>0,S36/R36,0) -> 0 | U36: =_xll.DBRW($B$9,$C$16,$C$19,U$26,U$24,$C$17,$B36,$C$18,U$27) -> 0 | V36: =_xll.DBRW($B$9,$C$16,$C$19,V$26,U$24,$C$17,$B36,$C$18,V$27) -> 0 | W36: =IF(U36<>0,V36/U36,0) -> 0

Sheet Sales
A1: [Begin Format Range]
A2: =0 -> 0
A3: =1 -> 1
A4: =2 -> 2
A5: =3 -> 3
A6: D
A7: N
A8: [End Format Range]
B9: =_xll.TM1RPTVIEW("CXMD:OTC_DATA_MARKET_ANALYSIS:ARPT1", 0, _xll.TM1RPTTITLE("CXMD:Currency",$C$16), _xll.TM1RPTTITLE("CXMD:DIM_Prev_IC_mapping",$C$19), _xll.TM1RPTTITLE("CXMD:DIM_Origin_Company",$C$17), _xll.TM1RPTTITLE("CXMD:DIM_Configuration",$C$18),TM1RPTFMTRNG,TM1RPTFMTIDCOL) -> CXMD:OTC_DATA_MARKET_ANALYSIS:ARPT1
B16: Currency | C16: =QTY!C16 -> Local currency
B17: Origin_Company | C17: =QTY!C17 -> Not available
B18: Configuration | C18: =QTY!C18 -> TOTAL PRODUCT
B19: Prev_IC_mapping | C19: =QTY!C19 -> 99 - Kuhn Group
C22: =QTY!C22 -> AC2019 | F22: =QTY!F22 -> AC2020 | I22: =QTY!I22 -> AC2021 | L22: =QTY!L22 -> AC2022 | O22: =QTY!O22 -> AC2023 | R22: =QTY!R22 -> BU2024draft | U22: =QTY!U22 -> PL2025 (update 2023)
C24: =QTY!C24 -> KUHN_Scope | D24: =QTY!D24 -> KUHN Sales | E24: % | F24: =QTY!F24 -> KUHN_Scope | G24: =QTY!G24 -> KUHN Sales | H24: % | I24: =QTY!I24 -> KUHN_Scope | J24: =QTY!J24 -> KUHN Sales | K24: % | L24: =QTY!L24 -> KUHN_Scope | M24: =QTY!M24 -> KUHN Sales | N24: % | O24: =QTY!O24 -> KUHN_Scope | P24: =QTY!P24 -> KUHN Sales | Q24: % | R24: =QTY!R24 -> KUHN_Scope | S24: =QTY!S24 -> KUHN Sales | T24: % | U24: =QTY!U24 -> KUHN_Scope | V24: =QTY!V24 -> KUHN Sales | W24: %
C25: SALES | D25: SALES | F25: SALES | G25: SALES | I25: SALES | J25: SALES | L25: SALES | M25: SALES | O25: SALES | P25: SALES | R25: SALES | S25: SALES | U25: SALES | V25: SALES
A26: =IF(_xll.TM1RPTELISCONSOLIDATED($B$26,$B26),IF(_xll.TM1RPTELLEV($B$26,$B26)<=3,_xll.TM1RPTELLEV($B$26,$B26),"D"),"N") -> N | B26: =_xll.TM1RPTROW($B$9,"CXMD:DIM_Country","Total Country SOM","","Description",0) -> Total Country SOM | C26: =_xll.DBRW($B$9,$C$16,$C$19,C$24,C$22,$C$17,$B26,$C$18,C$25) -> 0 | D26: =_xll.DBRW($B$9,$C$16,$C$19,D$24,C$22,$C$17,$B26,$C$18,D$25) -> 0 | E26: =IF(C26<>0,D26/C26,0) -> 0 | F26: =_xll.DBRW($B$9,$C$16,$C$19,F$24,F$22,$C$17,$B26,$C$18,F$25) -> 0 | G26: =_xll.DBRW($B$9,$C$16,$C$19,G$24,F$22,$C$17,$B26,$C$18,G$25) -> 0 | H26: =IF(F26<>0,G26/F26,0) -> 0 | I26: =_xll.DBRW($B$9,$C$16,$C$19,I$24,I$22,$C$17,$B26,$C$18,I$25) -> 0 | J26: =_xll.DBRW($B$9,$C$16,$C$19,J$24,I$22,$C$17,$B26,$C$18,J$25) -> 0 | K26: =IF(I26<>0,J26/I26,0) -> 0 | L26: =_xll.DBRW($B$9,$C$16,$C$19,L$24,L$22,$C$17,$B26,$C$18,L$25) -> 0 | M26: =_xll.DBRW($B$9,$C$16,$C$19,M$24,L$22,$C$17,$B26,$C$18,M$25) -> 0 | N26: =IF(L26<>0,M26/L26,0) -> 0 | O26: =_xll.DBRW($B$9,$C$16,$C$19,O$24,O$22,$C$17,$B26,$C$18,O$25) -> 0 | P26: =_xll.DBRW($B$9,$C$16,$C$19,P$24,O$22,$C$17,$B26,$C$18,P$25) -> 0 | Q26: =IF(O26<>0,P26/O26,0) -> 0 | R26: =_xll.DBRW($B$9,$C$16,$C$19,R$24,R$22,$C$17,$B26,$C$18,R$25) -> 0 | S26: =_xll.DBRW($B$9,$C$16,$C$19,S$24,R$22,$C$17,$B26,$C$18,S$25) -> 0 | T26: =IF(R26<>0,S26/R26,0) -> 0 | U26: =_xll.DBRW($B$9,$C$16,$C$19,U$24,U$22,$C$17,$B26,$C$18,U$25) -> 0 | V26: =_xll.DBRW($B$9,$C$16,$C$19,V$24,U$22,$C$17,$B26,$C$18,V$25) -> 0 | W26: =IF(U26<>0,V26/U26,0) -> 0
A27: =IF(_xll.TM1RPTELISCONSOLIDATED($B$26,$B27),IF(_xll.TM1RPTELLEV($B$26,$B27)<=3,_xll.TM1RPTELLEV($B$26,$B27),"D"),"N") -> 1 | B27: France + DOM | C27: =_xll.DBRW($B$9,$C$16,$C$19,C$24,C$22,$C$17,$B27,$C$18,C$25) -> 0 | D27: =_xll.DBRW($B$9,$C$16,$C$19,D$24,C$22,$C$17,$B27,$C$18,D$25) -> 0 | E27: =IF(C27<>0,D27/C27,0) -> 0 | F27: =_xll.DBRW($B$9,$C$16,$C$19,F$24,F$22,$C$17,$B27,$C$18,F$25) -> 0 | G27: =_xll.DBRW($B$9,$C$16,$C$19,G$24,F$22,$C$17,$B27,$C$18,G$25) -> 0 | H27: =IF(F27<>0,G27/F27,0) -> 0 | I27: =_xll.DBRW($B$9,$C$16,$C$19,I$24,I$22,$C$17,$B27,$C$18,I$25) -> 0 | J27: =_xll.DBRW($B$9,$C$16,$C$19,J$24,I$22,$C$17,$B27,$C$18,J$25) -> 0 | K27: =IF(I27<>0,J27/I27,0) -> 0 | L27: =_xll.DBRW($B$9,$C$16,$C$19,L$24,L$22,$C$17,$B27,$C$18,L$25) -> 0 | M27: =_xll.DBRW($B$9,$C$16,$C$19,M$24,L$22,$C$17,$B27,$C$18,M$25) -> 0 | N27: =IF(L27<>0,M27/L27,0) -> 0 | O27: =_xll.DBRW($B$9,$C$16,$C$19,O$24,O$22,$C$17,$B27,$C$18,O$25) -> 0 | P27: =_xll.DBRW($B$9,$C$16,$C$19,P$24,O$22,$C$17,$B27,$C$18,P$25) -> 0 | Q27: =IF(O27<>0,P27/O27,0) -> 0 | R27: =_xll.DBRW($B$9,$C$16,$C$19,R$24,R$22,$C$17,$B27,$C$18,R$25) -> 0 | S27: =_xll.DBRW($B$9,$C$16,$C$19,S$24,R$22,$C$17,$B27,$C$18,S$25) -> 0 | T27: =IF(R27<>0,S27/R27,0) -> 0 | U27: =_xll.DBRW($B$9,$C$16,$C$19,U$24,U$22,$C$17,$B27,$C$18,U$25) -> 0 | V27: =_xll.DBRW($B$9,$C$16,$C$19,V$24,U$22,$C$17,$B27,$C$18,V$25) -> 0 | W27: =IF(U27<>0,V27/U27,0) -> 0
A28: =IF(_xll.TM1RPTELISCONSOLIDATED($B$26,$B28),IF(_xll.TM1RPTELLEV($B$26,$B28)<=3,_xll.TM1RPTELLEV($B$26,$B28),"D"),"N") -> 1 | B28: EU + EFTA | C28: =_xll.DBRW($B$9,$C$16,$C$19,C$24,C$22,$C$17,$B28,$C$18,C$25) -> 0 | D28: =_xll.DBRW($B$9,$C$16,$C$19,D$24,C$22,$C$17,$B28,$C$18,D$25) -> 0 | E28: =IF(C28<>0,D28/C28,0) -> 0 | F28: =_xll.DBRW($B$9,$C$16,$C$19,F$24,F$22,$C$17,$B28,$C$18,F$25) -> 0 | G28: =_xll.DBRW($B$9,$C$16,$C$19,G$24,F$22,$C$17,$B28,$C$18,G$25) -> 0 | H28: =IF(F28<>0,G28/F28,0) -> 0 | I28: =_xll.DBRW($B$9,$C$16,$C$19,I$24,I$22,$C$17,$B28,$C$18,I$25) -> 0 | J28: =_xll.DBRW($B$9,$C$16,$C$19,J$24,I$22,$C$17,$B28,$C$18,J$25) -> 0 | K28: =IF(I28<>0,J28/I28,0) -> 0 | L28: =_xll.DBRW($B$9,$C$16,$C$19,L$24,L$22,$C$17,$B28,$C$18,L$25) -> 0 | M28: =_xll.DBRW($B$9,$C$16,$C$19,M$24,L$22,$C$17,$B28,$C$18,M$25) -> 0 | N28: =IF(L28<>0,M28/L28,0) -> 0 | O28: =_xll.DBRW($B$9,$C$16,$C$19,O$24,O$22,$C$17,$B28,$C$18,O$25) -> 0 | P28: =_xll.DBRW($B$9,$C$16,$C$19,P$24,O$22,$C$17,$B28,$C$18,P$25) -> 0 | Q28: =IF(O28<>0,P28/O28,0) -> 0 | R28: =_xll.DBRW($B$9,$C$16,$C$19,R$24,R$22,$C$17,$B28,$C$18,R$25) -> 0 | S28: =_xll.DBRW($B$9,$C$16,$C$19,S$24,R$22,$C$17,$B28,$C$18,S$25) -> 0 | T28: =IF(R28<>0,S28/R28,0) -> 0 | U28: =_xll.DBRW($B$9,$C$16,$C$19,U$24,U$22,$C$17,$B28,$C$18,U$25) -> 0 | V28: =_xll.DBRW($B$9,$C$16,$C$19,V$24,U$22,$C$17,$B28,$C$18,V$25) -> 0 | W28: =IF(U28<>0,V28/U28,0) -> 0
A29: =IF(_xll.TM1RPTELISCONSOLIDATED($B$26,$B29),IF(_xll.TM1RPTELLEV($B$26,$B29)<=3,_xll.TM1RPTELLEV($B$26,$B29),"D"),"N") -> 1 | B29: Eastern Europe | C29: =_xll.DBRW($B$9,$C$16,$C$19,C$24,C$22,$C$17,$B29,$C$18,C$25) -> 0 | D29: =_xll.DBRW($B$9,$C$16,$C$19,D$24,C$22,$C$17,$B29,$C$18,D$25) -> 0 | E29: =IF(C29<>0,D29/C29,0) -> 0 | F29: =_xll.DBRW($B$9,$C$16,$C$19,F$24,F$22,$C$17,$B29,$C$18,F$25) -> 0 | G29: =_xll.DBRW($B$9,$C$16,$C$19,G$24,F$22,$C$17,$B29,$C$18,G$25) -> 0 | H29: =IF(F29<>0,G29/F29,0) -> 0 | I29: =_xll.DBRW($B$9,$C$16,$C$19,I$24,I$22,$C$17,$B29,$C$18,I$25) -> 0 | J29: =_xll.DBRW($B$9,$C$16,$C$19,J$24,I$22,$C$17,$B29,$C$18,J$25) -> 0 | K29: =IF(I29<>0,J29/I29,0) -> 0 | L29: =_xll.DBRW($B$9,$C$16,$C$19,L$24,L$22,$C$17,$B29,$C$18,L$25) -> 0 | M29: =_xll.DBRW($B$9,$C$16,$C$19,M$24,L$22,$C$17,$B29,$C$18,M$25) -> 0 | N29: =IF(L29<>0,M29/L29,0) -> 0 | O29: =_xll.DBRW($B$9,$C$16,$C$19,O$24,O$22,$C$17,$B29,$C$18,O$25) -> 0 | P29: =_xll.DBRW($B$9,$C$16,$C$19,P$24,O$22,$C$17,$B29,$C$18,P$25) -> 0 | Q29: =IF(O29<>0,P29/O29,0) -> 0 | R29: =_xll.DBRW($B$9,$C$16,$C$19,R$24,R$22,$C$17,$B29,$C$18,R$25) -> 0 | S29: =_xll.DBRW($B$9,$C$16,$C$19,S$24,R$22,$C$17,$B29,$C$18,S$25) -> 0 | T29: =IF(R29<>0,S29/R29,0) -> 0 | U29: =_xll.DBRW($B$9,$C$16,$C$19,U$24,U$22,$C$17,$B29,$C$18,U$25) -> 0 | V29: =_xll.DBRW($B$9,$C$16,$C$19,V$24,U$22,$C$17,$B29,$C$18,V$25) -> 0 | W29: =IF(U29<>0,V29/U29,0) -> 0
A30: =IF(_xll.TM1RPTELISCONSOLIDATED($B$26,$B30),IF(_xll.TM1RPTELLEV($B$26,$B30)<=3,_xll.TM1RPTELLEV($B$26,$B30),"D"),"N") -> 1 | B30: North_America | C30: =_xll.DBRW($B$9,$C$16,$C$19,C$24,C$22,$C$17,$B30,$C$18,C$25) -> 0 | D30: =_xll.DBRW($B$9,$C$16,$C$19,D$24,C$22,$C$17,$B30,$C$18,D$25) -> 0 | E30: =IF(C30<>0,D30/C30,0) -> 0 | F30: =_xll.DBRW($B$9,$C$16,$C$19,F$24,F$22,$C$17,$B30,$C$18,F$25) -> 0 | G30: =_xll.DBRW($B$9,$C$16,$C$19,G$24,F$22,$C$17,$B30,$C$18,G$25) -> 0 | H30: =IF(F30<>0,G30/F30,0) -> 0 | I30: =_xll.DBRW($B$9,$C$16,$C$19,I$24,I$22,$C$17,$B30,$C$18,I$25) -> 0 | J30: =_xll.DBRW($B$9,$C$16,$C$19,J$24,I$22,$C$17,$B30,$C$18,J$25) -> 0 | K30: =IF(I30<>0,J30/I30,0) -> 0 | L30: =_xll.DBRW($B$9,$C$16,$C$19,L$24,L$22,$C$17,$B30,$C$18,L$25) -> 0 | M30: =_xll.DBRW($B$9,$C$16,$C$19,M$24,L$22,$C$17,$B30,$C$18,M$25) -> 0 | N30: =IF(L30<>0,M30/L30,0) -> 0 | O30: =_xll.DBRW($B$9,$C$16,$C$19,O$24,O$22,$C$17,$B30,$C$18,O$25) -> 0 | P30: =_xll.DBRW($B$9,$C$16,$C$19,P$24,O$22,$C$17,$B30,$C$18,P$25) -> 0 | Q30: =IF(O30<>0,P30/O30,0) -> 0 | R30: =_xll.DBRW($B$9,$C$16,$C$19,R$24,R$22,$C$17,$B30,$C$18,R$25) -> 0 | S30: =_xll.DBRW($B$9,$C$16,$C$19,S$24,R$22,$C$17,$B30,$C$18,S$25) -> 0 | T30: =IF(R30<>0,S30/R30,0) -> 0 | U30: =_xll.DBRW($B$9,$C$16,$C$19,U$24,U$22,$C$17,$B30,$C$18,U$25) -> 0 | V30: =_xll.DBRW($B$9,$C$16,$C$19,V$24,U$22,$C$17,$B30,$C$18,V$25) -> 0 | W30: =IF(U30<>0,V30/U30,0) -> 0
A31: =IF(_xll.TM1RPTELISCONSOLIDATED($B$26,$B31),IF(_xll.TM1RPTELLEV($B$26,$B31)<=3,_xll.TM1RPTELLEV($B$26,$B31),"D"),"N") -> 1 | B31: South & Central America | C31: =_xll.DBRW($B$9,$C$16,$C$19,C$24,C$22,$C$17,$B31,$C$18,C$25) -> 0 | D31: =_xll.DBRW($B$9,$C$16,$C$19,D$24,C$22,$C$17,$B31,$C$18,D$25) -> 0 | E31: =IF(C31<>0,D31/C31,0) -> 0 | F31: =_xll.DBRW($B$9,$C$16,$C$19,F$24,F$22,$C$17,$B31,$C$18,F$25) -> 0 | G31: =_xll.DBRW($B$9,$C$16,$C$19,G$24,F$22,$C$17,$B31,$C$18,G$25) -> 0 | H31: =IF(F31<>0,G31/F31,0) -> 0 | I31: =_xll.DBRW($B$9,$C$16,$C$19,I$24,I$22,$C$17,$B31,$C$18,I$25) -> 0 | J31: =_xll.DBRW($B$9,$C$16,$C$19,J$24,I$22,$C$17,$B31,$C$18,J$25) -> 0 | K31: =IF(I31<>0,J31/I31,0) -> 0 | L31: =_xll.DBRW($B$9,$C$16,$C$19,L$24,L$22,$C$17,$B31,$C$18,L$25) -> 0 | M31: =_xll.DBRW($B$9,$C$16,$C$19,M$24,L$22,$C$17,$B31,$C$18,M$25) -> 0 | N31: =IF(L31<>0,M31/L31,0) -> 0 | O31: =_xll.DBRW($B$9,$C$16,$C$19,O$24,O$22,$C$17,$B31,$C$18,O$25) -> 0 | P31: =_xll.DBRW($B$9,$C$16,$C$19,P$24,O$22,$C$17,$B31,$C$18,P$25) -> 0 | Q31: =IF(O31<>0,P31/O31,0) -> 0 | R31: =_xll.DBRW($B$9,$C$16,$C$19,R$24,R$22,$C$17,$B31,$C$18,R$25) -> 0 | S31: =_xll.DBRW($B$9,$C$16,$C$19,S$24,R$22,$C$17,$B31,$C$18,S$25) -> 0 | T31: =IF(R31<>0,S31/R31,0) -> 0 | U31: =_xll.DBRW($B$9,$C$16,$C$19,U$24,U$22,$C$17,$B31,$C$18,U$25) -> 0 | V31: =_xll.DBRW($B$9,$C$16,$C$19,V$24,U$22,$C$17,$B31,$C$18,V$25) -> 0 | W31: =IF(U31<>0,V31/U31,0) -> 0
A32: =IF(_xll.TM1RPTELISCONSOLIDATED($B$26,$B32),IF(_xll.TM1RPTELLEV($B$26,$B32)<=3,_xll.TM1RPTELLEV($B$26,$B32),"D"),"N") -> 1 | B32: Asia | C32: =_xll.DBRW($B$9,$C$16,$C$19,C$24,C$22,$C$17,$B32,$C$18,C$25) -> 0 | D32: =_xll.DBRW($B$9,$C$16,$C$19,D$24,C$22,$C$17,$B32,$C$18,D$25) -> 0 | E32: =IF(C32<>0,D32/C32,0) -> 0 | F32: =_xll.DBRW($B$9,$C$16,$C$19,F$24,F$22,$C$17,$B32,$C$18,F$25) -> 0 | G32: =_xll.DBRW($B$9,$C$16,$C$19,G$24,F$22,$C$17,$B32,$C$18,G$25) -> 0 | H32: =IF(F32<>0,G32/F32,0) -> 0 | I32: =_xll.DBRW($B$9,$C$16,$C$19,I$24,I$22,$C$17,$B32,$C$18,I$25) -> 0 | J32: =_xll.DBRW($B$9,$C$16,$C$19,J$24,I$22,$C$17,$B32,$C$18,J$25) -> 0 | K32: =IF(I32<>0,J32/I32,0) -> 0 | L32: =_xll.DBRW($B$9,$C$16,$C$19,L$24,L$22,$C$17,$B32,$C$18,L$25) -> 0 | M32: =_xll.DBRW($B$9,$C$16,$C$19,M$24,L$22,$C$17,$B32,$C$18,M$25) -> 0 | N32: =IF(L32<>0,M32/L32,0) -> 0 | O32: =_xll.DBRW($B$9,$C$16,$C$19,O$24,O$22,$C$17,$B32,$C$18,O$25) -> 0 | P32: =_xll.DBRW($B$9,$C$16,$C$19,P$24,O$22,$C$17,$B32,$C$18,P$25) -> 0 | Q32: =IF(O32<>0,P32/O32,0) -> 0 | R32: =_xll.DBRW($B$9,$C$16,$C$19,R$24,R$22,$C$17,$B32,$C$18,R$25) -> 0 | S32: =_xll.DBRW($B$9,$C$16,$C$19,S$24,R$22,$C$17,$B32,$C$18,S$25) -> 0 | T32: =IF(R32<>0,S32/R32,0) -> 0 | U32: =_xll.DBRW($B$9,$C$16,$C$19,U$24,U$22,$C$17,$B32,$C$18,U$25) -> 0 | V32: =_xll.DBRW($B$9,$C$16,$C$19,V$24,U$22,$C$17,$B32,$C$18,V$25) -> 0 | W32: =IF(U32<>0,V32/U32,0) -> 0
A33: =IF(_xll.TM1RPTELISCONSOLIDATED($B$26,$B33),IF(_xll.TM1RPTELLEV($B$26,$B33)<=3,_xll.TM1RPTELLEV($B$26,$B33),"D"),"N") -> 1 | B33: Oceania | C33: =_xll.DBRW($B$9,$C$16,$C$19,C$24,C$22,$C$17,$B33,$C$18,C$25) -> 0 | D33: =_xll.DBRW($B$9,$C$16,$C$19,D$24,C$22,$C$17,$B33,$C$18,D$25) -> 0 | E33: =IF(C33<>0,D33/C33,0) -> 0 | F33: =_xll.DBRW($B$9,$C$16,$C$19,F$24,F$22,$C$17,$B33,$C$18,F$25) -> 0 | G33: =_xll.DBRW($B$9,$C$16,$C$19,G$24,F$22,$C$17,$B33,$C$18,G$25) -> 0 | H33: =IF(F33<>0,G33/F33,0) -> 0 | I33: =_xll.DBRW($B$9,$C$16,$C$19,I$24,I$22,$C$17,$B33,$C$18,I$25) -> 0 | J33: =_xll.DBRW($B$9,$C$16,$C$19,J$24,I$22,$C$17,$B33,$C$18,J$25) -> 0 | K33: =IF(I33<>0,J33/I33,0) -> 0 | L33: =_xll.DBRW($B$9,$C$16,$C$19,L$24,L$22,$C$17,$B33,$C$18,L$25) -> 0 | M33: =_xll.DBRW($B$9,$C$16,$C$19,M$24,L$22,$C$17,$B33,$C$18,M$25) -> 0 | N33: =IF(L33<>0,M33/L33,0) -> 0 | O33: =_xll.DBRW($B$9,$C$16,$C$19,O$24,O$22,$C$17,$B33,$C$18,O$25) -> 0 | P33: =_xll.DBRW($B$9,$C$16,$C$19,P$24,O$22,$C$17,$B33,$C$18,P$25) -> 0 | Q33: =IF(O33<>0,P33/O33,0) -> 0 | R33: =_xll.DBRW($B$9,$C$16,$C$19,R$24,R$22,$C$17,$B33,$C$18,R$25) -> 0 | S33: =_xll.DBRW($B$9,$C$16,$C$19,S$24,R$22,$C$17,$B33,$C$18,S$25) -> 0 | T33: =IF(R33<>0,S33/R33,0) -> 0 | U33: =_xll.DBRW($B$9,$C$16,$C$19,U$24,U$22,$C$17,$B33,$C$18,U$25) -> 0 | V33: =_xll.DBRW($B$9,$C$16,$C$19,V$24,U$22,$C$17,$B33,$C$18,V$25) -> 0 | W33: =IF(U33<>0,V33/U33,0) -> 0
A34: =IF(_xll.TM1RPTELISCONSOLIDATED($B$26,$B34),IF(_xll.TM1RPTELLEV($B$26,$B34)<=3,_xll.TM1RPTELLEV($B$26,$B34),"D"),"N") -> 1 | B34: Others | C34: =_xll.DBRW($B$9,$C$16,$C$19,C$24,C$22,$C$17,$B34,$C$18,C$25) -> 0 | D34: =_xll.DBRW($B$9,$C$16,$C$19,D$24,C$22,$C$17,$B34,$C$18,D$25) -> 0 | E34: =IF(C34<>0,D34/C34,0) -> 0 | F34: =_xll.DBRW($B$9,$C$16,$C$19,F$24,F$22,$C$17,$B34,$C$18,F$25) -> 0 | G34: =_xll.DBRW($B$9,$C$16,$C$19,G$24,F$22,$C$17,$B34,$C$18,G$25) -> 0 | H34: =IF(F34<>0,G34/F34,0) -> 0 | I34: =_xll.DBRW($B$9,$C$16,$C$19,I$24,I$22,$C$17,$B34,$C$18,I$25) -> 0 | J34: =_xll.DBRW($B$9,$C$16,$C$19,J$24,I$22,$C$17,$B34,$C$18,J$25) -> 0 | K34: =IF(I34<>0,J34/I34,0) -> 0 | L34: =_xll.DBRW($B$9,$C$16,$C$19,L$24,L$22,$C$17,$B34,$C$18,L$25) -> 0 | M34: =_xll.DBRW($B$9,$C$16,$C$19,M$24,L$22,$C$17,$B34,$C$18,M$25) -> 0 | N34: =IF(L34<>0,M34/L34,0) -> 0 | O34: =_xll.DBRW($B$9,$C$16,$C$19,O$24,O$22,$C$17,$B34,$C$18,O$25) -> 0 | P34: =_xll.DBRW($B$9,$C$16,$C$19,P$24,O$22,$C$17,$B34,$C$18,P$25) -> 0 | Q34: =IF(O34<>0,P34/O34,0) -> 0 | R34: =_xll.DBRW($B$9,$C$16,$C$19,R$24,R$22,$C$17,$B34,$C$18,R$25) -> 0 | S34: =_xll.DBRW($B$9,$C$16,$C$19,S$24,R$22,$C$17,$B34,$C$18,S$25) -> 0 | T34: =IF(R34<>0,S34/R34,0) -> 0 | U34: =_xll.DBRW($B$9,$C$16,$C$19,U$24,U$22,$C$17,$B34,$C$18,U$25) -> 0 | V34: =_xll.DBRW($B$9,$C$16,$C$19,V$24,U$22,$C$17,$B34,$C$18,V$25) -> 0 | W34: =IF(U34<>0,V34/U34,0) -> 0

Sheet Comments
A1: [Begin Format Range]
A2: =0 -> 0
A3: =1 -> 1
A4: =2 -> 2
A5: =3 -> 3
A6: D
A7: N
A8: [End Format Range]
B9: =_xll.TM1RPTVIEW("CXMD:OTC_DATA_MARKET_ANALYSIS_COMMENTS:ARPT1", 0, _xll.TM1RPTTITLE("CXMD:Currency",$C$15), _xll.TM1RPTTITLE("CXMD:DIM_Prev_IC_mapping",$C$18), _xll.TM1RPTTITLE("CXMD:DIM_Origin_Company",$C$16), _xll.TM1RPTTITLE("CXMD:DIM8Configuration",$C$17),TM1RPTFMTRNG,TM1RPTFMTIDCOL) -> CXMD:OTC_DATA_MARKET_ANALYSIS_COMMENTS:ARPT1
B15: Currency | C15: =_xll.SUBNM("CXMD:Currency","Par défaut","CD_LC","Description EN") -> Local currency
B16: Origin_Company | C16: =QTY!C17 -> Not available
B17: Configuration | C17: =QTY!C18 -> TOTAL PRODUCT | J17: Market Share (Comments)
B18: Prev_IC_mapping | C18: =_xll.SUBNM("CXMD:Prev_IC_mapping","","99 - Kuhn Group") -> 99 - Kuhn Group
C21: =QTY!C22 -> AC2019 | E21: =QTY!F22 -> AC2020 | G21: =QTY!I22 -> AC2021 | I21: =QTY!L22 -> AC2022 | K21: =QTY!O22 -> AC2023 | M21: =QTY!R22 -> BU2024draft | O21: =QTY!U22 -> PL2025 (update 2023)
C22: KUHN_Scope | D22: KUHN Sales | E22: KUHN_Scope | F22: KUHN Sales | G22: KUHN_Scope | H22: KUHN Sales | I22: KUHN_Scope | J22: KUHN Sales | K22: KUHN_Scope | L22: KUHN Sales | M22: KUHN_Scope | N22: KUHN Sales | O22: KUHN_Scope | P22: KUHN Sales
C23: Comments | D23: Comments | E23: Comments | F23: Comments | G23: Comments | H23: Comments | I23: Comments | J23: Comments | K23: Comments | L23: Comments | M23: Comments | N23: Comments | O23: Comments | P23: Comments
A24: =IF(_xll.TM1RPTELISCONSOLIDATED($B$24,$B24),IF(_xll.TM1RPTELLEV($B$24,$B24)<=3,_xll.TM1RPTELLEV($B$24,$B24),"D"),"N") -> 0 | B24: =_xll.TM1RPTROW($B$9,"CXMD:DIM_Country","Total Country SOM","","Description",0) -> Total Country SOM | C24: =_xll.DBRW($B$9,$C$15,$C$18,C$22,C$21,$C$16,$B24,$C$17,C$23) | D24: =_xll.DBRW($B$9,$C$15,$C$18,D$22,C$21,$C$16,$B24,$C$17,D$23) | E24: =_xll.DBRW($B$9,$C$15,$C$18,E$22,E$21,$C$16,$B24,$C$17,E$23) | F24: =_xll.DBRW($B$9,$C$15,$C$18,F$22,E$21,$C$16,$B24,$C$17,F$23) | G24: =_xll.DBRW($B$9,$C$15,$C$18,G$22,G$21,$C$16,$B24,$C$17,G$23) | H24: =_xll.DBRW($B$9,$C$15,$C$18,H$22,G$21,$C$16,$B24,$C$17,H$23) | I24: =_xll.DBRW($B$9,$C$15,$C$18,I$22,I$21,$C$16,$B24,$C$17,I$23) | J24: =_xll.DBRW($B$9,$C$15,$C$18,J$22,I$21,$C$16,$B24,$C$17,J$23) | K24: =_xll.DBRW($B$9,$C$15,$C$18,K$22,K$21,$C$16,$B24,$C$17,K$23) | L24: =_xll.DBRW($B$9,$C$15,$C$18,L$22,K$21,$C$16,$B24,$C$17,L$23) | M24: =_xll.DBRW($B$9,$C$15,$C$18,M$22,M$21,$C$16,$B24,$C$17,M$23) | N24: =_xll.DBRW($B$9,$C$15,$C$18,N$22,M$21,$C$16,$B24,$C$17,N$23) | O24: =_xll.DBRW($B$9,$C$15,$C$18,O$22,O$21,$C$16,$B24,$C$17,O$23) | P24: =_xll.DBRW($B$9,$C$15,$C$18,P$22,O$21,$C$16,$B24,$C$17,P$23)
A25: =IF(_xll.TM1RPTELISCONSOLIDATED($B$24,$B25),IF(_xll.TM1RPTELLEV($B$24,$B25)<=3,_xll.TM1RPTELLEV($B$24,$B25),"D"),"N") -> 1 | B25: France + DOM | C25: =_xll.DBRW($B$9,$C$15,$C$18,C$22,C$21,$C$16,$B25,$C$17,C$23) | D25: =_xll.DBRW($B$9,$C$15,$C$18,D$22,C$21,$C$16,$B25,$C$17,D$23) | E25: =_xll.DBRW($B$9,$C$15,$C$18,E$22,E$21,$C$16,$B25,$C$17,E$23) | F25: =_xll.DBRW($B$9,$C$15,$C$18,F$22,E$21,$C$16,$B25,$C$17,F$23) | G25: =_xll.DBRW($B$9,$C$15,$C$18,G$22,G$21,$C$16,$B25,$C$17,G$23) | H25: =_xll.DBRW($B$9,$C$15,$C$18,H$22,G$21,$C$16,$B25,$C$17,H$23) | I25: =_xll.DBRW($B$9,$C$15,$C$18,I$22,I$21,$C$16,$B25,$C$17,I$23) | J25: =_xll.DBRW($B$9,$C$15,$C$18,J$22,I$21,$C$16,$B25,$C$17,J$23) | K25: =_xll.DBRW($B$9,$C$15,$C$18,K$22,K$21,$C$16,$B25,$C$17,K$23) | L25: =_xll.DBRW($B$9,$C$15,$C$18,L$22,K$21,$C$16,$B25,$C$17,L$23) | M25: =_xll.DBRW($B$9,$C$15,$C$18,M$22,M$21,$C$16,$B25,$C$17,M$23) | N25: =_xll.DBRW($B$9,$C$15,$C$18,N$22,M$21,$C$16,$B25,$C$17,N$23) | O25: =_xll.DBRW($B$9,$C$15,$C$18,O$22,O$21,$C$16,$B25,$C$17,O$23) | P25: =_xll.DBRW($B$9,$C$15,$C$18,P$22,O$21,$C$16,$B25,$C$17,P$23)
A26: =IF(_xll.TM1RPTELISCONSOLIDATED($B$24,$B26),IF(_xll.TM1RPTELLEV($B$24,$B26)<=3,_xll.TM1RPTELLEV($B$24,$B26),"D"),"N") -> 1 | B26: EU + EFTA | C26: =_xll.DBRW($B$9,$C$15,$C$18,C$22,C$21,$C$16,$B26,$C$17,C$23) | D26: =_xll.DBRW($B$9,$C$15,$C$18,D$22,C$21,$C$16,$B26,$C$17,D$23) | E26: =_xll.DBRW($B$9,$C$15,$C$18,E$22,E$21,$C$16,$B26,$C$17,E$23) | F26: =_xll.DBRW($B$9,$C$15,$C$18,F$22,E$21,$C$16,$B26,$C$17,F$23) | G26: =_xll.DBRW($B$9,$C$15,$C$18,G$22,G$21,$C$16,$B26,$C$17,G$23) | H26: =_xll.DBRW($B$9,$C$15,$C$18,H$22,G$21,$C$16,$B26,$C$17,H$23) | I26: =_xll.DBRW($B$9,$C$15,$C$18,I$22,I$21,$C$16,$B26,$C$17,I$23) | J26: =_xll.DBRW($B$9,$C$15,$C$18,J$22,I$21,$C$16,$B26,$C$17,J$23) | K26: =_xll.DBRW($B$9,$C$15,$C$18,K$22,K$21,$C$16,$B26,$C$17,K$23) | L26: =_xll.DBRW($B$9,$C$15,$C$18,L$22,K$21,$C$16,$B26,$C$17,L$23) | M26: =_xll.DBRW($B$9,$C$15,$C$18,M$22,M$21,$C$16,$B26,$C$17,M$23) | N26: =_xll.DBRW($B$9,$C$15,$C$18,N$22,M$21,$C$16,$B26,$C$17,N$23) | O26: =_xll.DBRW($B$9,$C$15,$C$18,O$22,O$21,$C$16,$B26,$C$17,O$23) | P26: =_xll.DBRW($B$9,$C$15,$C$18,P$22,O$21,$C$16,$B26,$C$17,P$23)
A27: =IF(_xll.TM1RPTELISCONSOLIDATED($B$24,$B27),IF(_xll.TM1RPTELLEV($B$24,$B27)<=3,_xll.TM1RPTELLEV($B$24,$B27),"D"),"N") -> 1 | B27: Eastern Europe | C27: =_xll.DBRW($B$9,$C$15,$C$18,C$22,C$21,$C$16,$B27,$C$17,C$23) | D27: =_xll.DBRW($B$9,$C$15,$C$18,D$22,C$21,$C$16,$B27,$C$17,D$23) | E27: =_xll.DBRW($B$9,$C$15,$C$18,E$22,E$21,$C$16,$B27,$C$17,E$23) | F27: =_xll.DBRW($B$9,$C$15,$C$18,F$22,E$21,$C$16,$B27,$C$17,F$23) | G27: =_xll.DBRW($B$9,$C$15,$C$18,G$22,G$21,$C$16,$B27,$C$17,G$23) | H27: =_xll.DBRW($B$9,$C$15,$C$18,H$22,G$21,$C$16,$B27,$C$17,H$23) | I27: =_xll.DBRW($B$9,$C$15,$C$18,I$22,I$21,$C$16,$B27,$C$17,I$23) | J27: =_xll.DBRW($B$9,$C$15,$C$18,J$22,I$21,$C$16,$B27,$C$17,J$23) | K27: =_xll.DBRW($B$9,$C$15,$C$18,K$22,K$21,$C$16,$B27,$C$17,K$23) | L27: =_xll.DBRW($B$9,$C$15,$C$18,L$22,K$21,$C$16,$B27,$C$17,L$23) | M27: =_xll.DBRW($B$9,$C$15,$C$18,M$22,M$21,$C$16,$B27,$C$17,M$23) | N27: =_xll.DBRW($B$9,$C$15,$C$18,N$22,M$21,$C$16,$B27,$C$17,N$23) | O27: =_xll.DBRW($B$9,$C$15,$C$18,O$22,O$21,$C$16,$B27,$C$17,O$23) | P27: =_xll.DBRW($B$9,$C$15,$C$18,P$22,O$21,$C$16,$B27,$C$17,P$23)
A28: =IF(_xll.TM1RPTELISCONSOLIDATED($B$24,$B28),IF(_xll.TM1RPTELLEV($B$24,$B28)<=3,_xll.TM1RPTELLEV($B$24,$B28),"D"),"N") -> 1 | B28: North_America | C28: =_xll.DBRW($B$9,$C$15,$C$18,C$22,C$21,$C$16,$B28,$C$17,C$23) | D28: =_xll.DBRW($B$9,$C$15,$C$18,D$22,C$21,$C$16,$B28,$C$17,D$23) | E28: =_xll.DBRW($B$9,$C$15,$C$18,E$22,E$21,$C$16,$B28,$C$17,E$23) | F28: =_xll.DBRW($B$9,$C$15,$C$18,F$22,E$21,$C$16,$B28,$C$17,F$23) | G28: =_xll.DBRW($B$9,$C$15,$C$18,G$22,G$21,$C$16,$B28,$C$17,G$23) | H28: =_xll.DBRW($B$9,$C$15,$C$18,H$22,G$21,$C$16,$B28,$C$17,H$23) | I28: =_xll.DBRW($B$9,$C$15,$C$18,I$22,I$21,$C$16,$B28,$C$17,I$23) | J28: =_xll.DBRW($B$9,$C$15,$C$18,J$22,I$21,$C$16,$B28,$C$17,J$23) | K28: =_xll.DBRW($B$9,$C$15,$C$18,K$22,K$21,$C$16,$B28,$C$17,K$23) | L28: =_xll.DBRW($B$9,$C$15,$C$18,L$22,K$21,$C$16,$B28,$C$17,L$23) | M28: =_xll.DBRW($B$9,$C$15,$C$18,M$22,M$21,$C$16,$B28,$C$17,M$23) | N28: =_xll.DBRW($B$9,$C$15,$C$18,N$22,M$21,$C$16,$B28,$C$17,N$23) | O28: =_xll.DBRW($B$9,$C$15,$C$18,O$22,O$21,$C$16,$B28,$C$17,O$23) | P28: =_xll.DBRW($B$9,$C$15,$C$18,P$22,O$21,$C$16,$B28,$C$17,P$23)
A29: =IF(_xll.TM1RPTELISCONSOLIDATED($B$24,$B29),IF(_xll.TM1RPTELLEV($B$24,$B29)<=3,_xll.TM1RPTELLEV($B$24,$B29),"D"),"N") -> 1 | B29: South & Central America | C29: =_xll.DBRW($B$9,$C$15,$C$18,C$22,C$21,$C$16,$B29,$C$17,C$23) | D29: =_xll.DBRW($B$9,$C$15,$C$18,D$22,C$21,$C$16,$B29,$C$17,D$23) | E29: =_xll.DBRW($B$9,$C$15,$C$18,E$22,E$21,$C$16,$B29,$C$17,E$23) | F29: =_xll.DBRW($B$9,$C$15,$C$18,F$22,E$21,$C$16,$B29,$C$17,F$23) | G29: =_xll.DBRW($B$9,$C$15,$C$18,G$22,G$21,$C$16,$B29,$C$17,G$23) | H29: =_xll.DBRW($B$9,$C$15,$C$18,H$22,G$21,$C$16,$B29,$C$17,H$23) | I29: =_xll.DBRW($B$9,$C$15,$C$18,I$22,I$21,$C$16,$B29,$C$17,I$23) | J29: =_xll.DBRW($B$9,$C$15,$C$18,J$22,I$21,$C$16,$B29,$C$17,J$23) | K29: =_xll.DBRW($B$9,$C$15,$C$18,K$22,K$21,$C$16,$B29,$C$17,K$23) | L29: =_xll.DBRW($B$9,$C$15,$C$18,L$22,K$21,$C$16,$B29,$C$17,L$23) | M29: =_xll.DBRW($B$9,$C$15,$C$18,M$22,M$21,$C$16,$B29,$C$17,M$23) | N29: =_xll.DBRW($B$9,$C$15,$C$18,N$22,M$21,$C$16,$B29,$C$17,N$23) | O29: =_xll.DBRW($B$9,$C$15,$C$18,O$22,O$21,$C$16,$B29,$C$17,O$23) | P29: =_xll.DBRW($B$9,$C$15,$C$18,P$22,O$21,$C$16,$B29,$C$17,P$23)
A30: =IF(_xll.TM1RPTELISCONSOLIDATED($B$24,$B30),IF(_xll.TM1RPTELLEV($B$24,$B30)<=3,_xll.TM1RPTELLEV($B$24,$B30),"D"),"N") -> 1 | B30: Asia | C30: =_xll.DBRW($B$9,$C$15,$C$18,C$22,C$21,$C$16,$B30,$C$17,C$23) | D30: =_xll.DBRW($B$9,$C$15,$C$18,D$22,C$21,$C$16,$B30,$C$17,D$23) | E30: =_xll.DBRW($B$9,$C$15,$C$18,E$22,E$21,$C$16,$B30,$C$17,E$23) | F30: =_xll.DBRW($B$9,$C$15,$C$18,F$22,E$21,$C$16,$B30,$C$17,F$23) | G30: =_xll.DBRW($B$9,$C$15,$C$18,G$22,G$21,$C$16,$B30,$C$17,G$23) | H30: =_xll.DBRW($B$9,$C$15,$C$18,H$22,G$21,$C$16,$B30,$C$17,H$23) | I30: =_xll.DBRW($B$9,$C$15,$C$18,I$22,I$21,$C$16,$B30,$C$17,I$23) | J30: =_xll.DBRW($B$9,$C$15,$C$18,J$22,I$21,$C$16,$B30,$C$17,J$23) | K30: =_xll.DBRW($B$9,$C$15,$C$18,K$22,K$21,$C$16,$B30,$C$17,K$23) | L30: =_xll.DBRW($B$9,$C$15,$C$18,L$22,K$21,$C$16,$B30,$C$17,L$23) | M30: =_xll.DBRW($B$9,$C$15,$C$18,M$22,M$21,$C$16,$B30,$C$17,M$23) | N30: =_xll.DBRW($B$9,$C$15,$C$18,N$22,M$21,$C$16,$B30,$C$17,N$23) | O30: =_xll.DBRW($B$9,$C$15,$C$18,O$22,O$21,$C$16,$B30,$C$17,O$23) | P30: =_xll.DBRW($B$9,$C$15,$C$18,P$22,O$21,$C$16,$B30,$C$17,P$23)
A31: =IF(_xll.TM1RPTELISCONSOLIDATED($B$24,$B31),IF(_xll.TM1RPTELLEV($B$24,$B31)<=3,_xll.TM1RPTELLEV($B$24,$B31),"D"),"N") -> 1 | B31: Oceania | C31: =_xll.DBRW($B$9,$C$15,$C$18,C$22,C$21,$C$16,$B31,$C$17,C$23) | D31: =_xll.DBRW($B$9,$C$15,$C$18,D$22,C$21,$C$16,$B31,$C$17,D$23) | E31: =_xll.DBRW($B$9,$C$15,$C$18,E$22,E$21,$C$16,$B31,$C$17,E$23) | F31: =_xll.DBRW($B$9,$C$15,$C$18,F$22,E$21,$C$16,$B31,$C$17,F$23) | G31: =_xll.DBRW($B$9,$C$15,$C$18,G$22,G$21,$C$16,$B31,$C$17,G$23) | H31: =_xll.DBRW($B$9,$C$15,$C$18,H$22,G$21,$C$16,$B31,$C$17,H$23) | I31: =_xll.DBRW($B$9,$C$15,$C$18,I$22,I$21,$C$16,$B31,$C$17,I$23) | J31: =_xll.DBRW($B$9,$C$15,$C$18,J$22,I$21,$C$16,$B31,$C$17,J$23) | K31: =_xll.DBRW($B$9,$C$15,$C$18,K$22,K$21,$C$16,$B31,$C$17,K$23) | L31: =_xll.DBRW($B$9,$C$15,$C$18,L$22,K$21,$C$16,$B31,$C$17,L$23) | M31: =_xll.DBRW($B$9,$C$15,$C$18,M$22,M$21,$C$16,$B31,$C$17,M$23) | N31: =_xll.DBRW($B$9,$C$15,$C$18,N$22,M$21,$C$16,$B31,$C$17,N$23) | O31: =_xll.DBRW($B$9,$C$15,$C$18,O$22,O$21,$C$16,$B31,$C$17,O$23) | P31: =_xll.DBRW($B$9,$C$15,$C$18,P$22,O$21,$C$16,$B31,$C$17,P$23)
A32: =IF(_xll.TM1RPTELISCONSOLIDATED($B$24,$B32),IF(_xll.TM1RPTELLEV($B$24,$B32)<=3,_xll.TM1RPTELLEV($B$24,$B32),"D"),"N") -> 1 | B32: Others | C32: =_xll.DBRW($B$9,$C$15,$C$18,C$22,C$21,$C$16,$B32,$C$17,C$23) | D32: =_xll.DBRW($B$9,$C$15,$C$18,D$22,C$21,$C$16,$B32,$C$17,D$23) | E32: =_xll.DBRW($B$9,$C$15,$C$18,E$22,E$21,$C$16,$B32,$C$17,E$23) | F32: =_xll.DBRW($B$9,$C$15,$C$18,F$22,E$21,$C$16,$B32,$C$17,F$23) | G32: =_xll.DBRW($B$9,$C$15,$C$18,G$22,G$21,$C$16,$B32,$C$17,G$23) | H32: =_xll.DBRW($B$9,$C$15,$C$18,H$22,G$21,$C$16,$B32,$C$17,H$23) | I32: =_xll.DBRW($B$9,$C$15,$C$18,I$22,I$21,$C$16,$B32,$C$17,I$23) | J32: =_xll.DBRW($B$9,$C$15,$C$18,J$22,I$21,$C$16,$B32,$C$17,J$23) | K32: =_xll.DBRW($B$9,$C$15,$C$18,K$22,K$21,$C$16,$B32,$C$17,K$23) | L32: =_xll.DBRW($B$9,$C$15,$C$18,L$22,K$21,$C$16,$B32,$C$17,L$23) | M32: =_xll.DBRW($B$9,$C$15,$C$18,M$22,M$21,$C$16,$B32,$C$17,M$23) | N32: =_xll.DBRW($B$9,$C$15,$C$18,N$22,M$21,$C$16,$B32,$C$17,N$23) | O32: =_xll.DBRW($B$9,$C$15,$C$18,O$22,O$21,$C$16,$B32,$C$17,O$23) | P32: =_xll.DBRW($B$9,$C$15,$C$18,P$22,O$21,$C$16,$B32,$C$17,P$23)
